date,code,name,std_sell,std_sell_dc,std_buy,std_buy_dc,std_ratio,total_sell,total_buy
2026-10-01,1326,ＳＰＤＲゴールド・シェア,67,0,3665,-46,54.70,67,7354
2026-10-01,1357,ＮＥＸＴ　ＦＵＮＤＳ　日経平均ダブルインバース・インデックス連動型上場投信,1339969,-51466,2791295,555478,2.08,1339969,5854294
2026-10-01,1377,サカタのタネ,11700,1000,28000,200,2.39,23800,45300
2026-10-01,1419,タマホーム,173600,-200,102600,400,0.59,658900,191600
2026-10-01,1540,純金上場信託（現物国内保管型）,15875,-2571,440100,-8187,27.72,15875,1099424
2026-10-01,1570,ＮＥＸＴ　ＦＵＮＤＳ　日経平均レバレッジ・インデックス連動型上場投信,385345,112493,913855,-179719,2.37,392721,1383583
2026-10-01,1605,ＩＮＰＥＸ,96000,-26300,2004300,82500,20.88,190800,3571500
2026-10-01,1662,石油資源開発,17800,-3500,408300,20700,22.94,37600,1008600
2026-10-01,1719,安藤・間,32600,7300,301300,12100,9.24,61500,555600
2026-10-01,1801,大成建設,20900,-1600,381600,-3600,18.26,31200,469600
2026-10-01,1802,大林組,48800,7600,507900,3500,10.41,90400,781700
2026-10-01,1803,清水建設,38700,100,2556300,20900,66.05,53600,3153200
2026-10-01,1812,鹿島建設,23100,-5200,832500,-3800,36.04,36500,1249800
2026-10-01,1820,西松建設,2300,-200,56000,700,24.35,5700,151000
2026-10-01,1833,奥村組,1800,0,102900,2100,57.17,21300,206200
2026-10-01,1835,東鉄工業,3500,200,38100,600,10.89,5000,94600
2026-10-01,1878,大東建託,22300,-269400,299400,-1800,13.43,70200,724100
2026-10-01,1888,若築建設,3500,-100,17000,-100,4.86,3600,61100
2026-10-01,1911,住友林業,113000,-4700,2015600,1200,17.84,136100,4500800
2026-10-01,1925,大和ハウス工業,87100,32800,618800,-25900,7.10,91400,1128900
2026-10-01,1928,積水ハウス,534100,16500,347800,-300,0.65,558000,839100
2026-10-01,2168,パソナグループ,22800,400,90600,2000,3.97,44500,413000
2026-10-01,2198,アイ・ケイ・ケイホールディングス,24200,1000,35700,-1600,1.48,24200,57300
2026-10-01,2267,ヤクルト本社,29300,-300,169600,1000,5.79,64600,446900
2026-10-01,2379,ディップ,74000,-1200,87300,-1500,1.18,108500,231800
2026-10-01,2413,エムスリー,144400,9700,952400,-45400,6.60,834200,2922300
2026-10-01,2432,ディー・エヌ・エー,22200,3800,410600,-24900,18.50,36600,1753000
2026-10-01,2501,サッポロビール,166600,-2200,166500,200,1.00,344400,309800
2026-10-01,2502,アサヒグループホールディングス,66100,-300,1706600,-41400,25.82,74800,3414300
2026-10-01,2503,キリンホールディングス,40600,-3000,167200,-20400,4.12,79200,471700
2026-10-01,256A,飛島ホールディングス,9600,2500,274600,16100,28.60,9600,865200
2026-10-01,2585,ライフドリンク　カンパニー,28000,-1900,355900,600,12.71,29000,1210100
2026-10-01,2587,サントリービバレッジ＆フード,2400,0,58700,-1300,24.46,29200,99600
2026-10-01,2593,伊藤園,52000,-3700,58200,-6400,1.12,84600,244300
2026-10-01,2644,グローバルＸ　半導体関連－日本株式　ＥＴＦ,58338,23707,404633,70100,6.94,58338,889896
2026-10-01,2767,円谷フィールズホールディングス,0,0,167100,400,,25000,367100
2026-10-01,2768,双日,24600,3800,821900,17700,33.41,38700,2689800
2026-10-01,2802,味の素,45600,7800,901000,-55400,19.76,86000,1238000
2026-10-01,285A,キオクシアホールディングス,2170600,751700,26719200,-2159800,12.31,2597400,41594900
2026-10-01,2914,日本たばこ産業,129100,-19500,1269900,240000,9.84,181300,2309600
2026-10-01,3038,神戸物産,231600,-2300,743600,-36500,3.21,1229500,1274100
2026-10-01,3048,ビックカメラ,77400,-600,96300,2400,1.24,121200,126600
2026-10-01,3088,マツキヨココカラ＆カンパニー,12600,-400,109800,400,8.71,41200,205500
2026-10-01,3092,ＺＯＺＯ,96400,10700,377600,-38600,3.92,280300,643900
2026-10-01,3099,三越伊勢丹ホールディングス,568300,9500,823700,-22100,1.45,634400,1418900
2026-10-01,3110,日東紡績,1426100,21000,3671400,118000,2.57,1453000,5483500
2026-10-01,3289,東急不動産ホールディングス,77900,29700,523500,18100,6.72,94900,1006000
2026-10-01,3436,ＳＵＭＣＯ,812500,81900,2330800,-117000,2.87,921600,3354900
2026-10-01,3445,ＲＳ　Ｔｅｃｈｎｏｌｏｇｉｅｓ,2800,-600,83200,-4300,29.71,8400,388500
2026-10-01,3465,ケイアイスター不動産,19900,-5800,117300,6600,5.89,34100,347000
2026-10-01,3498,霞ヶ関キャピタル,178300,-7000,325000,10900,1.82,178400,1149200
2026-10-01,3563,ＦＯＯＤ　＆　ＬＩＦＥ　ＣＯＭＰＡＮＩＥＳ,218300,-28800,1044400,13300,4.78,249300,1352600
2026-10-01,3635,コーエーテクモホールディングス,19800,700,242500,-4600,12.25,40600,847900
2026-10-01,3663,セルシス,75400,-5400,187700,-1900,2.49,97800,884600
2026-10-01,3687,フィックスターズ,873900,4800,1312200,-40600,1.50,874100,1976900
2026-10-01,3697,ＳＨＩＦＴ,2786100,-22500,3176000,-31000,1.14,2793400,9133500
2026-10-01,3778,さくらインターネット,523900,212300,619900,-98400,1.18,651700,1184200
2026-10-01,4041,日本曹達,1100,-600,43200,200,39.27,10900,75000
2026-10-01,4042,東ソー,41400,11000,311100,1400,7.51,114900,1069500
2026-10-01,4043,トクヤマ,4200,-100,307300,900,73.17,18200,1442600
2026-10-01,4062,イビデン,1413500,315800,2069000,-696700,1.46,1518900,3151000
2026-10-01,4063,信越化学工業,161900,3800,2401900,-70300,14.84,205200,3768200
2026-10-01,4183,三井化学,33700,15700,370100,11000,10.98,45600,687900
2026-10-01,4188,三菱ケミカルグループ,66500,13200,977700,-1100,14.70,96200,1489000
2026-10-01,4307,野村総合研究所,14200,500,375800,-3800,26.46,32600,695100
2026-10-01,4318,クイック,10300,0,25700,0,2.50,35300,83400
2026-10-01,4385,メルカリ,67200,7000,951400,40800,14.16,126500,1539900
2026-10-01,4443,Ｓａｎｓａｎ,92800,-400,208500,-200,2.25,140600,605200
2026-10-01,4452,花王,133900,-300,178600,4900,1.33,140900,322000
2026-10-01,4475,ＨＥＮＮＧＥ,275600,7000,291900,8800,1.06,302200,975800
2026-10-01,4502,武田薬品工業,619200,4600,322500,21800,0.52,639300,595800
2026-10-01,4503,アステラス製薬,81400,-3200,284600,-10000,3.50,448500,744800
2026-10-01,4507,塩野義製薬,40500,-3900,424900,2000,10.49,105300,636800
2026-10-01,4519,中外製薬,16400,-4400,1409800,31100,85.96,41100,2054800
2026-10-01,4543,テルモ,74300,2900,333500,-22300,4.49,122200,626100
2026-10-01,4559,ゼリア新薬工業,24100,300,114700,3100,4.76,25900,148700
2026-10-01,4568,第一三共,94200,-30600,1829000,172500,19.42,98700,4252400
2026-10-01,4578,大塚ホールディングス,4700,-1400,73800,6600,15.70,9900,100000
2026-10-01,4613,関西ペイント,36000,8300,78000,400,2.17,110600,119200
2026-10-01,4661,オリエンタルランド,1966600,-44100,1004800,2800,0.51,2480300,2529800
2026-10-01,4665,ダスキン,18600,4900,13500,-400,0.73,30900,22800
2026-10-01,4684,オービック,0,0,87300,-4800,,32700,180800
2026-10-01,4686,ジャストシステム,16200,400,123600,400,7.63,26600,247500
2026-10-01,4704,トレンドマイクロ,37800,-5000,145900,-500,3.86,56100,420200
2026-10-01,4755,楽天グループ,1044500,-49700,16487500,582100,15.79,1382500,37159300
2026-10-01,4776,サイボウズ,240100,-1000,173300,-10500,0.72,265100,709800
2026-10-01,4816,東映アニメーション,20700,5400,99700,2800,4.82,22000,182500
2026-10-01,4887,サワイグループホールディングス,34400,400,273200,4500,7.94,87600,384200
2026-10-01,4901,富士フイルムホールディングス,21800,-2500,1161600,-28800,53.28,32500,2260600
2026-10-01,4902,コニカミノルタ,180400,-29900,447400,-2100,2.48,261100,1018700
2026-10-01,4911,資生堂,267800,-11500,359600,10500,1.34,328700,651100
2026-10-01,4967,小林製薬,58900,1000,59100,-1700,1.00,101300,101500
2026-10-01,4980,デクセリアルズ,22800,5800,1006500,-46000,44.14,54600,1806600
2026-10-01,5016,ＪＸ金属,652700,-45800,16114900,87600,24.69,746100,23784400
2026-10-01,5019,出光興産,143600,9500,641400,20400,4.47,219100,871900
2026-10-01,5020,ＥＮＥＯＳホールディングス,88000,-22900,1209000,67300,13.74,139500,2173700
2026-10-01,5021,コスモエネルギーホールディングス,10500,2700,62500,4000,5.95,40600,137900
2026-10-01,5108,ブリヂストン,123300,11700,465800,10200,3.78,497900,634800
2026-10-01,5201,ＡＧＣ,11400,-3200,556400,-6600,48.81,18300,901600
2026-10-01,5253,カバー,1032000,-1000,1771900,-63700,1.72,1032100,2969900
2026-10-01,5332,ＴＯＴＯ,42400,800,477100,3400,11.25,62100,730200
2026-10-01,5334,日本特殊陶業,44900,-400,730300,5700,16.27,159300,1291300
2026-10-01,5344,ＭＡＲＵＷＡ,4800,2000,39000,-2000,8.12,6400,57500
2026-10-01,5401,日本製鉄,2010900,54600,20214100,511100,10.05,2298500,39566200
2026-10-01,5406,神戸製鋼所,103600,3200,971600,126000,9.38,285000,1742900
2026-10-01,5631,日本製鋼所,31500,100,527400,4200,16.74,46700,1064100
2026-10-01,5706,三井金属,879700,63200,7086600,-771800,8.06,1236400,11386100
2026-10-01,5711,三菱マテリアル,27500,-9800,1294300,26400,47.07,40300,2305800
2026-10-01,5713,住友金属鉱山,137700,-45100,1060000,67600,7.70,176600,1634600
2026-10-01,5726,大阪チタニウムテクノロジーズ,806500,0,774400,-18200,0.96,807300,1374200
2026-10-01,5801,古河電気工業,942100,317300,9830800,-1066500,10.43,1413700,16241700
2026-10-01,5802,住友電気工業,409700,-56200,6571300,-116100,16.04,511400,10866000
2026-10-01,5803,フジクラ,1237000,-64400,13601300,-9000,11.00,1716700,20772700
2026-10-01,5857,ＡＲＥホールディングス,18100,3800,266500,-35400,14.72,21600,655400
2026-10-01,5938,ＬＩＸＩＬ,423000,-514700,606000,600,1.43,490700,1785200
2026-10-01,6098,リクルートホールディングス,259100,-18700,295000,-5600,1.14,376200,506900
2026-10-01,6134,ＦＵＪＩ,8100,4300,271800,-3800,33.56,11500,582500
2026-10-01,6146,ディスコ,94500,16300,536100,-53600,5.67,136900,786000
2026-10-01,6178,日本郵政,68700,-2800,302500,14800,4.40,128500,496700
2026-10-01,6254,野村マイクロ・サイエンス,326100,500,1047900,11500,3.21,329100,2054900
2026-10-01,6258,平田機工,42400,-800,111300,-3100,2.62,75500,805900
2026-10-01,6269,三井海洋開発,29000,6800,858400,45100,29.60,41700,1634900
2026-10-01,6273,ＳＭＣ,5200,700,32300,-2000,6.21,7500,53700
2026-10-01,6278,ユニオンツール,11300,2700,100800,1200,8.92,16000,156600
2026-10-01,6301,小松製作所,112100,-13000,194200,4800,1.73,217900,738200
2026-10-01,6315,ＴＯＷＡ,133000,52800,2861700,-137000,21.52,139800,4888900
2026-10-01,6323,ローツェ,77400,5900,863500,5000,11.16,113600,3435800
2026-10-01,6324,ハーモニック・ドライブ・システムズ,154800,13300,594800,-26800,3.84,727900,853500
2026-10-01,6361,荏原製作所,19000,-6300,1111800,19800,58.52,63000,1510800
2026-10-01,6367,ダイキン工業,10800,-1300,337700,800,31.27,19000,557700
2026-10-01,6383,ダイフク,15400,-2400,484500,-10500,31.46,41700,723600
2026-10-01,6460,セガサミーホールディングス,82300,800,66400,0,0.81,108300,143300
2026-10-01,6501,日立製作所,282500,-11100,1797700,-6600,6.36,399900,3485200
2026-10-01,6503,三菱電機,46800,5500,1844900,-48000,39.42,109600,3480200
2026-10-01,6504,富士電機,13500,5800,176200,-11900,13.05,16600,416200
2026-10-01,6508,明電舎,12200,1500,76000,-2000,6.23,18500,166400
2026-10-01,6525,ＫＯＫＵＳＡＩ　ＥＬＥＣＴＲＩＣ,563600,37400,1117800,-150800,1.98,619600,1794600
2026-10-01,6526,ソシオネクスト,364500,17200,2588900,-59200,7.10,1058300,5548400
2026-10-01,6588,東芝テック,2100,-100,72300,-1600,34.43,26200,142300
2026-10-01,6590,芝浦メカトロニクス,43800,13600,814300,15000,18.59,69300,1160400
2026-10-01,6594,ニデック,645300,40300,4948500,796600,7.67,681100,6928300
2026-10-01,6613,ＱＤレーザ,0,0,2035100,-188600,,15400,3615900
2026-10-01,6617,東光高岳,7800,-200,91900,2700,11.78,8800,163700
2026-10-01,6645,オムロン,19000,-1100,341700,2200,17.98,30500,495700
2026-10-01,6701,日本電気,173500,100,2641900,-53600,15.23,225100,4882900
2026-10-01,6702,富士通,106300,500,1199900,-38100,11.29,163100,2391000
2026-10-01,6723,ルネサスエレクトロニクス,577600,52900,1747800,-133400,3.03,669300,2781400
2026-10-01,6724,セイコーエプソン,118500,900,47600,1500,0.40,137400,83200
2026-10-01,6753,シャープ,355200,-55900,1121300,26800,3.16,2946000,3033700
2026-10-01,6758,ソニーグループ,264800,-19000,3285100,-62400,12.41,303700,5957300
2026-10-01,6762,ＴＤＫ,300400,106500,2758200,-142700,9.18,412700,4815800
2026-10-01,6779,日本電波工業,0,0,636700,13500,,17900,1090900
2026-10-01,6787,メイコー,25400,4900,262500,-3100,10.33,31800,462100
2026-10-01,6807,日本航空電子工業,17800,3200,17900,-1100,1.01,53400,35800
2026-10-01,6845,アズビル,23800,3100,97500,1900,4.10,95900,144100
2026-10-01,6857,アドバンテスト,763400,344700,1222400,-490200,1.60,1919800,1818500
2026-10-01,6861,キーエンス,48600,600,94100,100,1.94,59300,128100
2026-10-01,6871,日本マイクロニクス,84300,32000,377200,-30100,4.47,101500,573800
2026-10-01,6890,フェローテック,61100,5200,549700,17400,9.00,62600,1856500
2026-10-01,6914,オプテックスグループ,2100,-100,115000,-900,54.76,2100,173300
2026-10-01,6920,レーザーテック,562900,274300,739300,-175300,1.31,716300,1211800
2026-10-01,6941,山一電機,20100,8000,171600,-13600,8.54,33300,346400
2026-10-01,6954,ファナック,213600,-12900,3340800,-98700,15.64,239300,5061400
2026-10-01,6963,ローム,113400,23900,484400,-35500,4.27,156400,848700
2026-10-01,6965,浜松ホトニクス,74800,5200,1747900,-28500,23.37,90200,2856700
2026-10-01,6966,三井ハイテック,190200,56900,2703300,-76500,14.21,198300,7137700
2026-10-01,6971,京セラ,71500,3800,363800,-22700,5.09,112500,506200
2026-10-01,6976,太陽誘電,1242600,752600,2801400,-497800,2.25,1435600,3837600
2026-10-01,6981,村田製作所,1114600,370200,4253000,-1429600,3.82,1230300,6040500
2026-10-01,7011,三菱重工業,653400,-239900,12095100,84300,18.51,1061500,20445800
2026-10-01,7012,川崎重工業,521400,-14900,9441300,177200,18.11,695100,19552600
2026-10-01,7013,ＩＨＩ,152200,12800,6998100,-700,45.98,339900,14113000
2026-10-01,7148,ＦＰＧ,555200,-12700,479900,12700,0.86,628500,1846600
2026-10-01,7201,日産自動車,1076500,-23900,37547500,189200,34.88,1141400,67248500
2026-10-01,7202,いすゞ自動車,38600,15900,593400,74900,15.37,41400,1046700
2026-10-01,7203,トヨタ自動車,1760700,-29800,10094100,-260300,5.73,1899600,18079600
2026-10-01,7261,マツダ,249400,56800,3622400,33500,14.52,517900,5665000
2026-10-01,7267,本田技研工業,1681200,86100,1381100,-108300,0.82,1739400,3624100
2026-10-01,7269,スズキ,46200,900,1141700,-16300,24.71,102700,3381600
2026-10-01,7270,ＳＵＢＡＲＵ,55300,21400,693000,47800,12.53,153800,1510500
2026-10-01,7272,ヤマハ発動機,358400,52400,579500,-200,1.62,430800,1203600
2026-10-01,7366,ＬＩＴＡＬＩＣＯ,38500,-200,40700,200,1.06,46200,59900
2026-10-01,7421,カッパ・クリエイト,283800,600,34800,3200,0.12,584400,45800
2026-10-01,7433,伯東,58500,400,148200,-7100,2.53,60300,280900
2026-10-01,7453,良品計画,437900,-7000,619600,-43400,1.41,526500,913700
2026-10-01,7550,ゼンショーホールディングス,176400,-700,125300,3500,0.71,224400,152900
2026-10-01,7564,ワークマン,17300,6300,545700,10500,31.54,64000,803800
2026-10-01,7581,サイゼリヤ,28700,3600,229100,-7400,7.98,34100,779400
2026-10-01,7630,壱番屋,28700,-200,345200,27700,12.03,80000,967700
2026-10-01,7733,オリンパス,83300,0,258600,800,3.10,199800,587400
2026-10-01,7735,ＳＣＲＥＥＮホールディングス,149600,34000,549800,-36200,3.68,189800,868000
2026-10-01,7741,ＨＯＹＡ,14900,2300,158700,-11900,10.65,21000,227500
2026-10-01,7751,キヤノン,126500,45200,334200,-15400,2.64,211000,1179600
2026-10-01,7762,シチズン時計,48800,15800,170300,-18400,3.49,61900,321100
2026-10-01,7832,バンダイナムコホールディングス,52300,2000,180700,6800,3.46,78500,306400
2026-10-01,7936,アシックス,130400,-3900,2539500,-41300,19.47,370000,3554100
2026-10-01,7956,ピジョン,24100,-3000,56600,100,2.35,78600,262800
2026-10-01,7974,任天堂,597200,-26100,4686100,41600,7.85,703700,9145500
2026-10-01,8001,伊藤忠商事,959500,-33800,10828400,17900,11.29,1330300,13337000
2026-10-01,8002,丸紅,122200,-3600,1902000,-11700,15.56,153700,3287900
2026-10-01,8015,豊田通商,20500,1600,132800,-2400,6.48,45700,547100
2026-10-01,8031,三井物産,69200,100,3255000,-23600,47.04,118500,5066400
2026-10-01,8035,東京エレクトロン,833000,164400,4528500,-426400,5.44,1013100,9978900
2026-10-01,8058,三菱商事,731900,-78800,3980900,104900,5.44,821400,6504700
2026-10-01,8088,岩谷産業,16600,-1100,545100,5800,32.84,24500,1703700
2026-10-01,8136,サンリオ,1370500,600,10041200,34700,7.33,1458400,18263400
2026-10-01,8218,コメリ,4700,-100,9500,100,2.02,19600,12600
2026-10-01,8227,しまむら,12200,-7500,141400,-2700,11.59,40500,248000
2026-10-01,8233,高島屋,296700,-4900,695500,5400,2.34,364600,941700
2026-10-01,8267,イオン,1145400,-50700,6920400,466000,6.04,1350400,10035800
2026-10-01,8306,三菱ＵＦＪフィナンシャル・グループ,943300,-253900,23224200,4767600,24.62,1242500,39317800
2026-10-01,8308,りそなホールディングス,250700,-253000,1961000,440700,7.82,414600,2983700
2026-10-01,8309,三井住友トラストグループ,108200,24900,1718500,-30600,15.88,113800,4638100
2026-10-01,8316,三井住友フィナンシャルグループ,1183500,-1465900,12984900,857300,10.97,1405100,26523700
2026-10-01,8411,みずほフィナンシャルグループ,583400,-276300,2733700,482300,4.69,698600,6935500
2026-10-01,8473,ＳＢＩホールディングス,57900,3700,2894500,52900,49.99,75500,6066600
2026-10-01,8511,日本証券金融,11200,-200,130200,14700,11.62,54100,263600
2026-10-01,8591,オリックス,47300,-4700,1077600,37600,22.78,62900,1926100
2026-10-01,8601,大和証券グループ本社,93500,-3200,729700,24500,7.80,112600,2590100
2026-10-01,8630,ＳＯＭＰＯホールディングス,15000,-31500,247200,14700,16.48,29200,452100
2026-10-01,8697,日本取引所グループ,289300,3700,164500,2900,0.57,407600,348800
2026-10-01,8750,第一ライフグループ,116800,1400,1210300,135300,10.36,215200,2470000
2026-10-01,8766,東京海上ホールディングス,1985200,-2251700,19700200,2704000,9.92,2277700,46243000
2026-10-01,8795,Ｔ＆Ｄホールディングス,57200,9400,94200,15400,1.65,115800,265800
2026-10-01,8801,三井不動産,1140400,-6900,1465700,-3000,1.29,1168000,3109300
2026-10-01,8802,三菱地所,439900,-26000,574100,300,1.31,460500,954500
2026-10-01,8830,住友不動産,297600,-3300,553100,1400,1.86,353300,1534100
2026-10-01,8876,リログループ,14400,-2500,14200,-100,0.99,18800,46200
2026-10-01,9005,東急,52500,5100,668800,11200,12.74,79700,1475800
2026-10-01,9020,東日本旅客鉄道,52000,-3600,612800,14100,11.78,79200,1038100
2026-10-01,9101,日本郵船,534000,15800,967700,20400,1.81,633900,1341200
2026-10-01,9104,商船三井,297100,-7100,796100,20000,2.68,346600,1210900
2026-10-01,9107,川崎汽船,496300,12700,936400,69900,1.89,806700,1858900
2026-10-01,9364,上組,6000,-100,35000,1100,5.83,6300,56700
2026-10-01,9432,ＮＴＴ,13212200,-384500,42134200,2149200,3.19,16084600,90326400
2026-10-01,9433,ＫＤＤＩ,767400,6600,677900,24400,0.88,828700,1056000
2026-10-01,9434,ソフトバンク,2803100,-747400,7896800,128900,2.82,3526500,24146600
2026-10-01,9468,ＫＡＤＯＫＡＷＡ,22200,2700,25000,600,1.13,166300,57500
2026-10-01,9501,東京電力ホールディングス,1188800,-522300,57939700,1328300,48.74,1390500,80148400
2026-10-01,9502,中部電力,162500,89800,383700,48200,2.36,201000,733700
2026-10-01,9503,関西電力,168500,-12400,566400,10800,3.36,228800,1007700
2026-10-01,9504,中国電力,110900,-15200,507400,47700,4.58,142900,2271200
2026-10-01,9505,北陸電力,53300,-5900,374200,47500,7.02,75600,1196100
2026-10-01,9506,東北電力,73800,2900,2876600,176000,38.98,96900,4087200
2026-10-01,9513,電源開発,38300,2600,313800,42300,8.19,44800,813900
2026-10-01,9531,東京瓦斯,16800,-6000,72300,-2000,4.30,27700,126900
2026-10-01,9602,東宝,147400,33100,492600,-14400,3.34,167300,873400
2026-10-01,9603,エイチ・アイ・エス,77100,3200,498500,-3900,6.47,147600,1407200
2026-10-01,9605,東映,8600,100,2700,-200,0.31,16400,4600
2026-10-01,9684,スクウェア・エニックス・ホールディングス,66400,-200,168200,4200,2.53,143700,279600
2026-10-01,9697,カプコン,179400,-18900,382600,-30700,2.13,240500,563400
2026-10-01,9735,セコム,9500,0,41000,-1100,4.32,13200,53600
2026-10-01,9766,コナミグループ,92900,10200,31500,-2900,0.34,102700,54500
2026-10-01,9843,ニトリホールディングス,327500,-16500,616900,-35100,1.88,354600,1087800
2026-10-01,9960,東テク,8700,4900,25800,0,2.97,8800,41200
2026-10-01,9983,ファーストリテイリング,131500,-3800,299400,-30600,2.28,170600,425800
2026-10-01,9984,ソフトバンクグループ,5152500,654000,17838400,-1140400,3.46,6325300,27505100
2026-10-02,1326,ＳＰＤＲゴールド・シェア,68,1,3361,-304,49.43,68,7050
2026-10-02,1357,ＮＥＸＴ　ＦＵＮＤＳ　日経平均ダブルインバース・インデックス連動型上場投信,1295114,-44855,2529829,-261466,1.95,1295114,5045084
2026-10-02,1377,サカタのタネ,12700,1000,29600,1600,2.33,24600,47300
2026-10-02,1419,タマホーム,173400,-200,104700,2100,0.60,661900,195100
2026-10-02,1540,純金上場信託（現物国内保管型）,16020,145,442428,2328,27.62,16020,1103293
2026-10-02,1570,ＮＥＸＴ　ＦＵＮＤＳ　日経平均レバレッジ・インデックス連動型上場投信,312158,-73187,970357,56502,3.11,312446,1463612
2026-10-02,1605,ＩＮＰＥＸ,99100,3100,1850800,-153500,18.68,197900,3327800
2026-10-02,1662,石油資源開発,15900,-1900,403500,-4800,25.38,33800,1009900
2026-10-02,1719,安藤・間,30700,-1900,316000,14700,10.29,59700,584100
2026-10-02,1801,大成建設,21200,300,388700,7100,18.33,31600,476500
2026-10-02,1802,大林組,45500,-3300,508800,900,11.18,86600,780400
2026-10-02,1803,清水建設,46500,7800,2612300,56000,56.18,66400,3251500
2026-10-02,1812,鹿島建設,23000,-100,825900,-6600,35.91,36600,1244900
2026-10-02,1820,西松建設,2600,300,61200,5200,23.54,6000,165300
2026-10-02,1833,奥村組,1800,0,105500,2600,58.61,21200,218700
2026-10-02,1835,東鉄工業,4000,500,39100,1000,9.78,5500,96800
2026-10-02,1878,大東建託,23800,1500,284800,-14600,11.97,71900,712900
2026-10-02,1888,若築建設,2900,-600,17500,500,6.03,3000,61600
2026-10-02,1911,住友林業,96200,-16800,2108200,92600,21.91,119700,4648400
2026-10-02,1925,大和ハウス工業,91900,4800,679900,61100,7.40,95800,1202500
2026-10-02,1928,積水ハウス,532800,-1300,387200,39400,0.73,556700,901900
2026-10-02,2168,パソナグループ,23300,500,98300,7700,4.22,44400,421500
2026-10-02,2198,アイ・ケイ・ケイホールディングス,26200,2000,34900,-800,1.33,26200,54800
2026-10-02,2267,ヤクルト本社,29500,200,170600,1000,5.78,64100,449900
2026-10-02,2379,ディップ,76000,2000,87000,-300,1.14,110100,232100
2026-10-02,2413,エムスリー,152300,7900,965300,12900,6.34,845500,2939300
2026-10-02,2432,ディー・エヌ・エー,20000,-2200,413700,3100,20.68,33900,1745200
2026-10-02,2501,サッポロビール,167500,900,163600,-2900,0.98,345000,303800
2026-10-02,2502,アサヒグループホールディングス,62200,-3900,1759700,53100,28.29,70700,3510200
2026-10-02,2503,キリンホールディングス,35300,-5300,181400,14200,5.14,73900,488100
2026-10-02,256A,飛島ホールディングス,10500,900,289400,14800,27.56,10500,881400
2026-10-02,2585,ライフドリンク　カンパニー,29600,1600,344700,-11200,11.65,31000,1201500
2026-10-02,2587,サントリービバレッジ＆フード,2500,100,59100,400,23.64,29100,100900
2026-10-02,2593,伊藤園,46400,-5600,56000,-2200,1.21,78500,241600
2026-10-02,2644,グローバルＸ　半導体関連－日本株式　ＥＴＦ,60922,2584,406485,1852,6.67,60922,885348
2026-10-02,2767,円谷フィールズホールディングス,0,0,166600,-500,,22300,368100
2026-10-02,2768,双日,25000,400,835100,13200,33.40,38900,2730600
2026-10-02,2802,味の素,33500,-12100,921500,20500,27.51,73400,1259200
2026-10-02,285A,キオクシアホールディングス,2031500,-139100,26474200,-245000,13.03,2575900,41467700
2026-10-02,2914,日本たばこ産業,135300,6200,1313600,43700,9.71,185300,2352400
2026-10-02,3038,神戸物産,229700,-1900,731800,-11800,3.19,1482200,1257900
2026-10-02,3048,ビックカメラ,67100,-10300,101400,5100,1.51,110900,133500
2026-10-02,3088,マツキヨココカラ＆カンパニー,11900,-700,93800,-16000,7.88,36100,190200
2026-10-02,3092,ＺＯＺＯ,95300,-1100,332600,-45000,3.49,280400,597900
2026-10-02,3099,三越伊勢丹ホールディングス,513600,-54700,830000,6300,1.62,578400,1423600
2026-10-02,3110,日東紡績,1417900,-8200,3641300,-30100,2.57,1444400,5455200
2026-10-02,3289,東急不動産ホールディングス,66700,-11200,589500,66000,8.84,84100,1092300
2026-10-02,3436,ＳＵＭＣＯ,859500,47000,2285900,-44900,2.66,989400,3193100
2026-10-02,3445,ＲＳ　Ｔｅｃｈｎｏｌｏｇｉｅｓ,3900,1100,83900,700,21.51,9500,388400
2026-10-02,3465,ケイアイスター不動産,26700,6800,120700,3400,4.52,41300,356400
2026-10-02,3498,霞ヶ関キャピタル,180800,2500,325900,900,1.80,180900,1161000
2026-10-02,3563,ＦＯＯＤ　＆　ＬＩＦＥ　ＣＯＭＰＡＮＩＥＳ,218800,500,1122700,78300,5.13,248100,1430000
2026-10-02,3635,コーエーテクモホールディングス,19900,100,238000,-4500,11.96,41700,842300
2026-10-02,3663,セルシス,66200,-9200,190200,2500,2.87,88700,886000
2026-10-02,3687,フィックスターズ,866500,-7400,1309900,-2300,1.51,866700,1975200
2026-10-02,3697,ＳＨＩＦＴ,2823500,37400,3109800,-66200,1.10,2830800,9058400
2026-10-02,3778,さくらインターネット,493800,-30100,619700,-200,1.25,621300,1185600
2026-10-02,4041,日本曹達,10100,9000,44600,1400,4.42,20000,78100
2026-10-02,4042,東ソー,40500,-900,313800,2700,7.75,113100,1074100
2026-10-02,4043,トクヤマ,4100,-100,311300,4000,75.93,17500,1447000
2026-10-02,4062,イビデン,1327400,-86100,2117600,48600,1.60,1437000,3222100
2026-10-02,4063,信越化学工業,151400,-10500,2390200,-11700,15.79,194700,3763700
2026-10-02,4183,三井化学,33400,-300,359600,-10500,10.77,44800,677700
2026-10-02,4188,三菱ケミカルグループ,66400,-100,960200,-17500,14.46,94900,1471900
2026-10-02,4307,野村総合研究所,15700,1500,367500,-8300,23.41,34100,683900
2026-10-02,4318,クイック,10200,-100,25600,-100,2.51,35200,83400
2026-10-02,4385,メルカリ,55300,-11900,992500,41100,17.95,112100,1592800
2026-10-02,4443,Ｓａｎｓａｎ,92700,-100,208000,-500,2.24,136800,604600
2026-10-02,4452,花王,133200,-700,181100,2500,1.36,142300,321900
2026-10-02,4475,ＨＥＮＮＧＥ,261200,-14400,302100,10200,1.16,287100,979200
2026-10-02,4502,武田薬品工業,551500,-67700,381800,59300,0.69,572100,671100
2026-10-02,4503,アステラス製薬,75500,-5900,335300,50700,4.44,443900,828600
2026-10-02,4507,塩野義製薬,8900,-31600,478600,53700,53.78,72400,703600
2026-10-02,4519,中外製薬,18200,1800,1503300,93500,82.60,41800,2253800
2026-10-02,4543,テルモ,66700,-7600,465500,132000,6.98,117200,815700
2026-10-02,4559,ゼリア新薬工業,24100,0,136300,21600,5.66,25600,175700
2026-10-02,4568,第一三共,90000,-4200,1982700,153700,22.03,94400,4501500
2026-10-02,4578,大塚ホールディングス,4600,-100,75600,1800,16.43,9700,100500
2026-10-02,4613,関西ペイント,37700,1700,80600,2600,2.14,112000,121700
2026-10-02,4661,オリエンタルランド,1867700,-98900,993000,-11800,0.53,2369400,2547500
2026-10-02,4665,ダスキン,20800,2200,12700,-800,0.61,32800,22500
2026-10-02,4684,オービック,0,0,84700,-2600,,32900,176100
2026-10-02,4686,ジャストシステム,17600,1400,124300,700,7.06,28100,247800
2026-10-02,4704,トレンドマイクロ,38200,400,135700,-10200,3.55,56600,346600
2026-10-02,4755,楽天グループ,1074700,30200,17653800,1166300,16.43,1439500,39422200
2026-10-02,4776,サイボウズ,244000,3900,176000,2700,0.72,269000,711200
2026-10-02,4816,東映アニメーション,16600,-4100,128100,28400,7.72,18400,207100
2026-10-02,4887,サワイグループホールディングス,34200,-200,273800,600,8.01,87400,386000
2026-10-02,4901,富士フイルムホールディングス,18300,-3500,1187900,26300,64.91,30500,2293300
2026-10-02,4902,コニカミノルタ,162200,-18200,499200,51800,3.08,245500,1114900
2026-10-02,4911,資生堂,274800,7000,505900,146300,1.84,328400,817600
2026-10-02,4967,小林製薬,61200,2300,56100,-3000,0.92,104100,99400
2026-10-02,4980,デクセリアルズ,45100,22300,1007500,1000,22.34,76900,1803200
2026-10-02,5016,ＪＸ金属,576000,-76700,15732700,-382200,27.31,674000,23314400
2026-10-02,5019,出光興産,119900,-23700,649700,8300,5.42,197300,879600
2026-10-02,5020,ＥＮＥＯＳホールディングス,89500,1500,1173700,-35300,13.11,144600,2139500
2026-10-02,5021,コスモエネルギーホールディングス,5600,-4900,72700,10200,12.98,35700,160000
2026-10-02,5108,ブリヂストン,121100,-2200,481600,15800,3.98,497900,660600
2026-10-02,5201,ＡＧＣ,9800,-1600,563200,6800,57.47,16000,937100
2026-10-02,5253,カバー,1018000,-14000,1804200,32300,1.77,1018100,3018100
2026-10-02,5332,ＴＯＴＯ,41100,-1300,486900,9800,11.85,61400,737300
2026-10-02,5334,日本特殊陶業,26300,-18600,736200,5900,27.99,140800,1296200
2026-10-02,5344,ＭＡＲＵＷＡ,4500,-300,38500,-500,8.56,5600,57100
2026-10-02,5401,日本製鉄,1513600,-497300,20563600,349500,13.59,1787700,40043800
2026-10-02,5406,神戸製鋼所,64600,-39000,942900,-28700,14.60,244200,1706700
2026-10-02,5631,日本製鋼所,31600,100,528100,700,16.71,46400,1064300
2026-10-02,5706,三井金属,813500,-66200,7034600,-52000,8.65,1183600,11805300
2026-10-02,5711,三菱マテリアル,16300,-11200,1310300,16000,80.39,28500,2397500
2026-10-02,5713,住友金属鉱山,110300,-27400,1067600,7600,9.68,148000,1648800
2026-10-02,5726,大阪チタニウムテクノロジーズ,810600,4100,852800,78400,1.05,811300,1485200
2026-10-02,5801,古河電気工業,1314300,372200,9102000,-728800,6.93,1911400,15463000
2026-10-02,5802,住友電気工業,270100,-139600,6290000,-281300,23.29,360000,10394400
2026-10-02,5803,フジクラ,1429300,192300,12688500,-912800,8.88,2028600,19554400
2026-10-02,5857,ＡＲＥホールディングス,10900,-7200,276100,9600,25.33,15600,668300
2026-10-02,5938,ＬＩＸＩＬ,413000,-10000,609400,3400,1.48,482900,1793300
2026-10-02,6098,リクルートホールディングス,253400,-5700,297500,2500,1.17,370600,508700
2026-10-02,6134,ＦＵＪＩ,7000,-1100,276600,4800,39.51,8400,589400
2026-10-02,6146,ディスコ,86800,-7700,549300,13200,6.33,126000,803500
2026-10-02,6178,日本郵政,62800,-5900,314000,11500,5.00,122200,513000
2026-10-02,6254,野村マイクロ・サイエンス,325200,-900,1052100,4200,3.24,327900,2061800
2026-10-02,6258,平田機工,43300,900,111300,0,2.57,75700,802100
2026-10-02,6269,三井海洋開発,38500,9500,851200,-7200,22.11,51800,1610800
2026-10-02,6273,ＳＭＣ,4800,-400,32500,200,6.77,7100,53900
2026-10-02,6278,ユニオンツール,11400,100,102900,2100,9.03,15700,159100
2026-10-02,6301,小松製作所,110000,-2100,194100,-100,1.76,216300,743100
2026-10-02,6315,ＴＯＷＡ,102300,-30700,2852000,-9700,27.88,108400,4933900
2026-10-02,6323,ローツェ,78300,900,850700,-12800,10.86,112700,3417100
2026-10-02,6324,ハーモニック・ドライブ・システムズ,137400,-17400,590800,-4000,4.30,710400,850800
2026-10-02,6361,荏原製作所,15500,-3500,1113300,1500,71.83,59400,1504500
2026-10-02,6367,ダイキン工業,7200,-3600,354100,16400,49.18,14800,585200
2026-10-02,6383,ダイフク,16600,1200,484600,100,29.19,103000,723900
2026-10-02,6460,セガサミーホールディングス,74800,-7500,70600,4200,0.94,97600,148300
2026-10-02,6501,日立製作所,263000,-19500,1794900,-2800,6.82,399800,3460900
2026-10-02,6503,三菱電機,34900,-11900,1849300,4400,52.99,94600,3492900
2026-10-02,6504,富士電機,13000,-500,179000,2800,13.77,16300,419000
2026-10-02,6508,明電舎,12200,0,77200,1200,6.33,18500,166000
2026-10-02,6525,ＫＯＫＵＳＡＩ　ＥＬＥＣＴＲＩＣ,529500,-34100,1099100,-18700,2.08,580100,1811200
2026-10-02,6526,ソシオネクスト,381600,17100,2576200,-12700,6.75,1076100,5526200
2026-10-02,6588,東芝テック,7600,5500,75100,2800,9.88,31500,151500
2026-10-02,6590,芝浦メカトロニクス,40800,-3000,816200,1900,20.00,65800,1158600
2026-10-02,6594,ニデック,673800,28500,4518300,-430200,6.71,708200,6473500
2026-10-02,6613,ＱＤレーザ,0,0,1958800,-76300,,15600,3509800
2026-10-02,6617,東光高岳,7400,-400,92000,100,12.43,8600,164000
2026-10-02,6645,オムロン,18700,-300,339500,-2200,18.16,28000,492200
2026-10-02,6701,日本電気,192400,18900,2436200,-205700,12.66,248300,4648600
2026-10-02,6702,富士通,117800,11500,1184400,-15500,10.05,174200,2340400
2026-10-02,6723,ルネサスエレクトロニクス,531400,-46200,1822000,74200,3.43,622900,2882700
2026-10-02,6724,セイコーエプソン,118600,100,50900,3300,0.43,137500,86500
2026-10-02,6753,シャープ,265200,-90000,1144900,23600,4.32,2871000,3045300
2026-10-02,6758,ソニーグループ,233400,-31400,3364100,79000,14.41,271800,6065200
2026-10-02,6762,ＴＤＫ,345400,45000,2815600,57400,8.15,454600,4919200
2026-10-02,6779,日本電波工業,0,0,622900,-13800,,16800,1083900
2026-10-02,6787,メイコー,17400,-8000,290500,28000,16.70,22400,503600
2026-10-02,6807,日本航空電子工業,16000,-1800,17600,-300,1.10,50300,36100
2026-10-02,6845,アズビル,30700,6900,97800,300,3.19,99200,144600
2026-10-02,6857,アドバンテスト,808200,44800,1182400,-40000,1.46,1967100,1785700
2026-10-02,6861,キーエンス,44600,-4000,101200,7100,2.27,54100,137300
2026-10-02,6871,日本マイクロニクス,71100,-13200,359600,-17600,5.06,87700,558200
2026-10-02,6890,フェローテック,84000,22900,568800,19100,6.77,85300,1848800
2026-10-02,6914,オプテックスグループ,1600,-500,111000,-4000,69.38,1600,169500
2026-10-02,6920,レーザーテック,527300,-35600,775500,36200,1.47,680800,1175100
2026-10-02,6941,山一電機,20100,0,162500,-9100,8.08,33400,327400
2026-10-02,6954,ファナック,213900,300,3361500,20700,15.72,237700,5078600
2026-10-02,6963,ローム,107500,-5900,480900,-3500,4.47,158300,839700
2026-10-02,6965,浜松ホトニクス,79700,4900,1730200,-17700,21.71,95500,2824600
2026-10-02,6966,三井ハイテック,177100,-13100,2728400,25100,15.41,186200,7159800
2026-10-02,6971,京セラ,62100,-9400,363900,100,5.86,102600,517000
2026-10-02,6976,太陽誘電,841400,-401200,3010200,208800,3.58,1045700,4079600
2026-10-02,6981,村田製作所,920500,-194100,4368300,115300,4.75,1044900,6239100
2026-10-02,7011,三菱重工業,607200,-46200,11947000,-148100,19.68,998900,20223400
2026-10-02,7012,川崎重工業,508800,-12600,9303900,-137400,18.29,682500,19432000
2026-10-02,7013,ＩＨＩ,132600,-19600,6869900,-128200,51.81,319400,13975900
2026-10-02,7148,ＦＰＧ,564900,9700,495200,15300,0.88,637700,1798600
2026-10-02,7201,日産自動車,1048200,-28300,44323800,6776300,42.29,1112900,77024000
2026-10-02,7202,いすゞ自動車,29700,-8900,686200,92800,23.10,32800,1195900
2026-10-02,7203,トヨタ自動車,1519400,-241300,11155600,1061500,7.34,1650000,19916700
2026-10-02,7261,マツダ,227900,-21500,4006500,384100,17.58,491800,6102800
2026-10-02,7267,本田技研工業,1600500,-80700,1516200,135100,0.95,1660700,3795500
2026-10-02,7269,スズキ,45400,-800,1190600,48900,26.22,101900,3487500
2026-10-02,7270,ＳＵＢＡＲＵ,46700,-8600,779800,86800,16.70,145100,1661400
2026-10-02,7272,ヤマハ発動機,338900,-19500,632800,53300,1.87,370500,1265800
2026-10-02,7366,ＬＩＴＡＬＩＣＯ,38400,-100,40100,-600,1.04,46100,59300
2026-10-02,7421,カッパ・クリエイト,289300,5500,31500,-3300,0.11,588600,42200
2026-10-02,7433,伯東,41200,-17300,159200,11000,3.86,58000,296200
2026-10-02,7453,良品計画,433100,-4800,648900,29300,1.50,516200,945000
2026-10-02,7550,ゼンショーホールディングス,181200,4800,117600,-7700,0.65,228400,144700
2026-10-02,7564,ワークマン,20200,2900,742300,196600,36.75,67100,1109400
2026-10-02,7581,サイゼリヤ,26300,-2400,233800,4700,8.89,31700,785200
2026-10-02,7630,壱番屋,28600,-100,359100,13900,12.56,79800,945100
2026-10-02,7733,オリンパス,55000,-28300,258700,100,4.70,172600,593200
2026-10-02,7735,ＳＣＲＥＥＮホールディングス,130000,-19600,562100,12300,4.32,169900,880600
2026-10-02,7741,ＨＯＹＡ,12500,-2400,165000,6300,13.20,19400,234800
2026-10-02,7751,キヤノン,110600,-15900,346900,12700,3.14,191900,1178900
2026-10-02,7762,シチズン時計,34100,-14700,170200,-100,4.99,47200,304500
2026-10-02,7832,バンダイナムコホールディングス,53100,800,167300,-13400,3.15,79400,295900
2026-10-02,7936,アシックス,125000,-5400,2687100,147600,21.50,363900,3735600
2026-10-02,7956,ピジョン,24500,400,60000,3400,2.45,77800,267000
2026-10-02,7974,任天堂,591400,-5800,4791300,105200,8.10,693900,9324600
2026-10-02,8001,伊藤忠商事,939800,-19700,10729500,-98900,11.42,1310200,13266000
2026-10-02,8002,丸紅,120100,-2100,2017800,115800,16.80,152100,3460500
2026-10-02,8015,豊田通商,19000,-1500,135500,2700,7.13,44500,550700
2026-10-02,8031,三井物産,56600,-12600,3266600,11600,57.71,106300,5079400
2026-10-02,8035,東京エレクトロン,522800,-310200,5178200,649700,9.90,699000,10842800
2026-10-02,8058,三菱商事,725100,-6800,4004700,23800,5.52,813600,6569500
2026-10-02,8088,岩谷産業,16700,100,556000,10900,33.29,26100,1717600
2026-10-02,8136,サンリオ,1282500,-88000,10216000,174800,7.97,1357400,18504600
2026-10-02,8218,コメリ,1800,-2900,9100,-400,5.06,16700,12400
2026-10-02,8227,しまむら,11200,-1000,143900,2500,12.85,39500,280600
2026-10-02,8233,高島屋,291700,-5000,696900,1400,2.39,359100,950200
2026-10-02,8267,イオン,1180900,35500,6993600,73200,5.92,1386900,10293500
2026-10-02,8306,三菱ＵＦＪフィナンシャル・グループ,1046400,103100,24242500,1018300,23.17,1361900,40443100
2026-10-02,8308,りそなホールディングス,260600,9900,1956000,-5000,7.51,424100,2935800
2026-10-02,8309,三井住友トラストグループ,107700,-500,1777600,59100,16.51,113500,5504200
2026-10-02,8316,三井住友フィナンシャルグループ,617000,-566500,13941700,956800,22.60,841600,27824400
2026-10-02,8411,みずほフィナンシャルグループ,544000,-39400,3158600,424900,5.81,650700,7502300
2026-10-02,8473,ＳＢＩホールディングス,46900,-11000,3111800,217300,66.35,63400,6373900
2026-10-02,8511,日本証券金融,12200,1000,150100,19900,12.30,54400,323900
2026-10-02,8591,オリックス,65200,17900,1218500,140900,18.69,81600,2148400
2026-10-02,8601,大和証券グループ本社,90900,-2600,849000,119300,9.34,108200,2789400
2026-10-02,8630,ＳＯＭＰＯホールディングス,16100,1100,326800,79600,20.30,30000,570000
2026-10-02,8697,日本取引所グループ,300800,11500,176900,12400,0.59,419300,362100
2026-10-02,8750,第一ライフグループ,102900,-13900,1340600,130300,13.03,200800,2688100
2026-10-02,8766,東京海上ホールディングス,1191600,-793600,21859200,2159000,18.34,1649000,49746400
2026-10-02,8795,Ｔ＆Ｄホールディングス,57500,300,96800,2600,1.68,115500,274500
2026-10-02,8801,三井不動産,1184500,44100,1629700,164000,1.38,1212400,3432800
2026-10-02,8802,三菱地所,434300,-5600,634000,59900,1.46,454700,1024700
2026-10-02,8830,住友不動産,310300,12700,568200,15100,1.83,366000,1568200
2026-10-02,8876,リログループ,22700,8300,15100,900,0.67,27100,47200
2026-10-02,9005,東急,36900,-15600,751500,82700,20.37,63800,1738600
2026-10-02,9020,東日本旅客鉄道,31000,-21000,638800,26000,20.61,58800,1078000
2026-10-02,9101,日本郵船,516700,-17300,945000,-22700,1.83,617900,1232300
2026-10-02,9104,商船三井,299800,2700,764100,-32000,2.55,355800,1161100
2026-10-02,9107,川崎汽船,486600,-9700,954500,18100,1.96,801800,1751900
2026-10-02,9364,上組,3900,-2100,36700,1700,9.41,4200,58800
2026-10-02,9432,ＮＴＴ,13218400,6200,42491500,357300,3.21,15799300,91499700
2026-10-02,9433,ＫＤＤＩ,760200,-7200,705200,27300,0.93,821400,1090700
2026-10-02,9434,ソフトバンク,2608600,-194500,8112000,215200,3.11,3356200,24571300
2026-10-02,9468,ＫＡＤＯＫＡＷＡ,21200,-1000,27200,2200,1.28,212200,59900
2026-10-02,9501,東京電力ホールディングス,1194500,5700,56934400,-1005300,47.66,1408400,80221500
2026-10-02,9502,中部電力,169300,6800,416400,32700,2.46,206400,772600
2026-10-02,9503,関西電力,116000,-52500,594600,28200,5.13,174500,1054400
2026-10-02,9504,中国電力,80300,-30600,533800,26400,6.65,112100,2308300
2026-10-02,9505,北陸電力,39300,-14000,361800,-12400,9.21,61000,1179200
2026-10-02,9506,東北電力,58800,-15000,3025800,149200,51.46,86800,4299200
2026-10-02,9513,電源開発,28400,-9900,330000,16200,11.62,35100,829900
2026-10-02,9531,東京瓦斯,7500,-9300,73100,800,9.75,18500,126200
2026-10-02,9602,東宝,93800,-53600,487800,-4800,5.20,113400,867700
2026-10-02,9603,エイチ・アイ・エス,75500,-1600,500900,2400,6.63,148500,1411400
2026-10-02,9605,東映,9600,1000,5500,2800,0.57,17400,7000
2026-10-02,9684,スクウェア・エニックス・ホールディングス,67100,700,168100,-100,2.51,144200,279400
2026-10-02,9697,カプコン,187500,8100,354300,-28300,1.89,248500,529100
2026-10-02,9735,セコム,9500,0,41300,300,4.35,13200,55700
2026-10-02,9766,コナミグループ,94000,1100,28300,-3200,0.30,104100,46700
2026-10-02,9843,ニトリホールディングス,334100,6600,586300,-30600,1.75,362200,1049600
2026-10-02,9960,東テク,9300,600,25800,0,2.77,9400,41200
2026-10-02,9983,ファーストリテイリング,124800,-6700,315100,15700,2.52,162200,444700
2026-10-02,9984,ソフトバンクグループ,3476600,-1675900,21027300,3188900,6.05,4440900,31735100
2026-10-05,1326,ＳＰＤＲゴールド・シェア,67,-1,3585,224,53.51,67,7275
2026-10-05,1357,ＮＥＸＴ　ＦＵＮＤＳ　日経平均ダブルインバース・インデックス連動型上場投信,1310875,15761,2779330,249501,2.12,1310875,5734851
2026-10-05,1377,サカタのタネ,13100,400,31900,2300,2.44,25000,49600
2026-10-05,1419,タマホーム,173400,0,106000,1300,0.61,662100,196800
2026-10-05,1540,純金上場信託（現物国内保管型）,16252,232,441359,-1069,27.16,16252,1100662
2026-10-05,1570,ＮＥＸＴ　ＦＵＮＤＳ　日経平均レバレッジ・インデックス連動型上場投信,358376,46218,834803,-135554,2.33,358881,1285731
2026-10-05,1605,ＩＮＰＥＸ,66700,-32400,1883100,32300,28.23,148800,3393900
2026-10-05,1662,石油資源開発,13800,-2100,399700,-3800,28.96,32600,1014500
2026-10-05,1719,安藤・間,32800,2100,335600,19600,10.23,62200,608000
2026-10-05,1801,大成建設,22200,1000,383600,-5100,17.28,32600,472200
2026-10-05,1802,大林組,42400,-3100,509500,700,12.02,83400,786200
2026-10-05,1803,清水建設,46000,-500,2584900,-27400,56.19,76200,3223100
2026-10-05,1812,鹿島建設,23200,200,845800,19900,36.46,35900,1280500
2026-10-05,1820,西松建設,2700,100,76800,15600,28.44,6000,187200
2026-10-05,1833,奥村組,2000,200,107700,2200,53.85,21400,217400
2026-10-05,1835,東鉄工業,5100,1100,40400,1300,7.92,6600,99400
2026-10-05,1878,大東建託,30000,6200,295600,10800,9.85,77900,730400
2026-10-05,1888,若築建設,2500,-400,17100,-400,6.84,2600,61300
2026-10-05,1911,住友林業,94500,-1700,2093200,-15000,22.15,121800,4640500
2026-10-05,1925,大和ハウス工業,92700,800,783000,103100,8.45,97100,1307500
2026-10-05,1928,積水ハウス,533400,600,389600,2400,0.73,558500,918000
2026-10-05,2168,パソナグループ,23500,200,98600,300,4.20,44600,421700
2026-10-05,2198,アイ・ケイ・ケイホールディングス,28000,1800,34800,-100,1.24,28000,57100
2026-10-05,2267,ヤクルト本社,29100,-400,169800,-800,5.84,63700,455900
2026-10-05,2379,ディップ,69600,-6400,88900,1900,1.28,103700,231800
2026-10-05,2413,エムスリー,136900,-15400,939600,-25700,6.86,880800,2908800
2026-10-05,2432,ディー・エヌ・エー,20600,600,443100,29400,21.51,34600,1784900
2026-10-05,2501,サッポロビール,170200,2700,155100,-8500,0.91,348000,281700
2026-10-05,2502,アサヒグループホールディングス,70000,7800,1781800,22100,25.45,78500,3527000
2026-10-05,2503,キリンホールディングス,37900,2600,176800,-4600,4.66,77200,481600
2026-10-05,256A,飛島ホールディングス,12100,1600,275000,-14400,22.73,12100,862500
2026-10-05,2585,ライフドリンク　カンパニー,27700,-1900,334000,-10700,12.06,28700,1044400
2026-10-05,2587,サントリービバレッジ＆フード,2300,-200,61100,2000,26.57,28900,102400
2026-10-05,2593,伊藤園,45900,-500,56100,100,1.22,77900,246500
2026-10-05,2644,グローバルＸ　半導体関連－日本株式　ＥＴＦ,41625,-19297,470518,64033,11.30,41625,981912
2026-10-05,2767,円谷フィールズホールディングス,0,0,196100,29500,,23300,403900
2026-10-05,2768,双日,24600,-400,870300,35200,35.38,38900,2795500
2026-10-05,2802,味の素,40800,7300,889300,-32200,21.80,81400,1231000
2026-10-05,285A,キオクシアホールディングス,1901700,-129800,27261200,787000,14.34,2391100,42605100
2026-10-05,2914,日本たばこ産業,147900,12600,1194300,-119300,8.08,205400,2191300
2026-10-05,3038,神戸物産,230100,400,768700,36900,3.34,1835900,1296100
2026-10-05,3048,ビックカメラ,66200,-900,101100,-300,1.53,109800,133900
2026-10-05,3088,マツキヨココカラ＆カンパニー,9700,-2200,95700,1900,9.87,33400,193000
2026-10-05,3092,ＺＯＺＯ,97600,2300,329000,-3600,3.37,282900,583600
2026-10-05,3099,三越伊勢丹ホールディングス,509000,-4600,821200,-8800,1.61,569000,1407600
2026-10-05,3110,日東紡績,1426600,8700,3686200,44900,2.58,1452700,5512900
2026-10-05,3289,東急不動産ホールディングス,74700,8000,619700,30200,8.30,93300,1271500
2026-10-05,3436,ＳＵＭＣＯ,905100,45600,2306100,20200,2.55,1020600,3226100
2026-10-05,3445,ＲＳ　Ｔｅｃｈｎｏｌｏｇｉｅｓ,2600,-1300,85100,1200,32.73,7800,368000
2026-10-05,3465,ケイアイスター不動産,26700,0,118000,-2700,4.42,41600,352800
2026-10-05,3498,霞ヶ関キャピタル,209200,28400,364200,38300,1.74,209300,1200600
2026-10-05,3563,ＦＯＯＤ　＆　ＬＩＦＥ　ＣＯＭＰＡＮＩＥＳ,243100,24300,831600,-291100,3.42,283200,1094000
2026-10-05,3635,コーエーテクモホールディングス,16600,-3300,252900,14900,15.23,37300,863100
2026-10-05,3663,セルシス,64900,-1300,183300,-6900,2.82,87700,878200
2026-10-05,3687,フィックスターズ,867800,1300,1375900,66000,1.59,868000,2072300
2026-10-05,3697,ＳＨＩＦＴ,2783700,-39800,3207900,98100,1.15,2791000,9091600
2026-10-05,3778,さくらインターネット,477400,-16400,646600,26900,1.35,604900,1215100
2026-10-05,4041,日本曹達,2400,-7700,47500,2900,19.79,12300,81000
2026-10-05,4042,東ソー,47000,6500,303900,-9900,6.47,119600,1066600
2026-10-05,4043,トクヤマ,5300,1200,294700,-16600,55.60,18700,1425300
2026-10-05,4062,イビデン,1322200,-5200,2298200,180600,1.74,1445200,3463100
2026-10-05,4063,信越化学工業,177800,26400,2177600,-212600,12.25,224600,3461500
2026-10-05,4183,三井化学,51800,18400,345600,-14000,6.67,63600,662900
2026-10-05,4188,三菱ケミカルグループ,69100,2700,937300,-22900,13.56,98100,1448700
2026-10-05,4307,野村総合研究所,12800,-2900,392900,25400,30.70,32300,716500
2026-10-05,4318,クイック,10800,600,20600,-5000,1.91,35800,78500
2026-10-05,4385,メルカリ,54000,-1300,1006600,14100,18.64,109600,1606900
2026-10-05,4443,Ｓａｎｓａｎ,91900,-800,203200,-4800,2.21,137200,597500
2026-10-05,4452,花王,134300,1100,173300,-7800,1.29,143600,310700
2026-10-05,4475,ＨＥＮＮＧＥ,862400,601200,777400,475300,0.90,888300,1596100
2026-10-05,4502,武田薬品工業,553900,2400,377100,-4700,0.68,574100,691500
2026-10-05,4503,アステラス製薬,74100,-1400,393600,58300,5.31,442800,890500
2026-10-05,4507,塩野義製薬,13600,4700,660000,181400,48.53,77600,954300
2026-10-05,4519,中外製薬,19100,900,1455400,-47900,76.20,42700,2121400
2026-10-05,4543,テルモ,66300,-400,416000,-49500,6.27,114200,763200
2026-10-05,4559,ゼリア新薬工業,25700,1600,138200,1900,5.38,26800,177700
2026-10-05,4568,第一三共,100500,10500,1989700,7000,19.80,105400,4518600
2026-10-05,4578,大塚ホールディングス,4700,100,69100,-6500,14.70,9800,93900
2026-10-05,4613,関西ペイント,37000,-700,77500,-3100,2.09,110900,118400
2026-10-05,4661,オリエンタルランド,1911700,44000,991300,-1700,0.52,2413800,2542300
2026-10-05,4665,ダスキン,22300,1500,12800,100,0.57,34000,22600
2026-10-05,4684,オービック,0,0,82500,-2200,,32800,167300
2026-10-05,4686,ジャストシステム,19500,1900,123200,-1100,6.32,29800,247100
2026-10-05,4704,トレンドマイクロ,33700,-4500,145700,10000,4.32,52500,363700
2026-10-05,4755,楽天グループ,1089800,15100,17696300,42500,16.24,1434000,39920300
2026-10-05,4776,サイボウズ,243400,-600,166500,-9500,0.68,268400,700400
2026-10-05,4816,東映アニメーション,16600,0,140900,12800,8.49,18000,217400
2026-10-05,4887,サワイグループホールディングス,35700,1500,271900,-1900,7.62,88900,390000
2026-10-05,4901,富士フイルムホールディングス,24900,6600,1152200,-35700,46.27,36800,2225000
2026-10-05,4902,コニカミノルタ,144300,-17900,496000,-3200,3.44,227100,1136600
2026-10-05,4911,資生堂,289600,14800,502000,-3900,1.73,344800,812400
2026-10-05,4967,小林製薬,60100,-1100,53600,-2500,0.89,101600,92500
2026-10-05,4980,デクセリアルズ,28200,-16900,1041800,34300,36.94,59800,1825400
2026-10-05,5016,ＪＸ金属,644000,68000,15352200,-380500,23.84,742800,22829000
2026-10-05,5019,出光興産,119300,-600,672600,22900,5.64,195500,911700
2026-10-05,5020,ＥＮＥＯＳホールディングス,87200,-2300,1190500,16800,13.65,143300,2144400
2026-10-05,5021,コスモエネルギーホールディングス,5400,-200,72100,-600,13.35,34500,158600
2026-10-05,5108,ブリヂストン,122600,1500,472500,-9100,3.85,499700,649200
2026-10-05,5201,ＡＧＣ,10500,700,562300,-900,53.55,16900,895300
2026-10-05,5253,カバー,1037300,19300,1710500,-93700,1.65,1037900,2876600
2026-10-05,5332,ＴＯＴＯ,44100,3000,488600,1700,11.08,64300,738800
2026-10-05,5334,日本特殊陶業,26900,600,693500,-42700,25.78,141100,1239700
2026-10-05,5344,ＭＡＲＵＷＡ,5200,700,38100,-400,7.33,6400,56100
2026-10-05,5401,日本製鉄,1531900,18300,21191800,628200,13.83,1809200,40954900
2026-10-05,5406,神戸製鋼所,60700,-3900,965400,22500,15.90,240300,1729400
2026-10-05,5631,日本製鋼所,30200,-1400,527800,-300,17.48,45000,1064000
2026-10-05,5706,三井金属,812300,-1200,7427800,393200,9.14,1180900,12341700
2026-10-05,5711,三菱マテリアル,17000,700,1265100,-45200,74.42,29500,2353400
2026-10-05,5713,住友金属鉱山,108500,-1800,1156500,88900,10.66,146300,1760400
2026-10-05,5726,大阪チタニウムテクノロジーズ,813900,3300,854300,1500,1.05,814600,1490400
2026-10-05,5801,古河電気工業,967800,-346500,9991900,889900,10.32,1485900,16460800
2026-10-05,5802,住友電気工業,247200,-22900,6365600,75600,25.75,341600,10436800
2026-10-05,5803,フジクラ,1208100,-221200,13643800,955300,11.29,1785000,20893400
2026-10-05,5857,ＡＲＥホールディングス,11700,800,265500,-10600,22.69,16400,654800
2026-10-05,5938,ＬＩＸＩＬ,370600,-42400,653400,44000,1.76,438800,1870700
2026-10-05,6098,リクルートホールディングス,253900,500,295200,-2300,1.16,366200,489000
2026-10-05,6134,ＦＵＪＩ,19100,12100,258000,-18600,13.51,20100,556600
2026-10-05,6146,ディスコ,117400,30600,524400,-24900,4.47,166400,769600
2026-10-05,6178,日本郵政,61600,-1200,306600,-7400,4.98,119200,500300
2026-10-05,6254,野村マイクロ・サイエンス,326700,1500,1016300,-35800,3.11,329400,2057400
2026-10-05,6258,平田機工,47600,4300,112800,1500,2.37,79900,782300
2026-10-05,6269,三井海洋開発,32700,-5800,850300,-900,26.00,46000,1621400
2026-10-05,6273,ＳＭＣ,6500,1700,31000,-1500,4.77,9300,51700
2026-10-05,6278,ユニオンツール,12900,1500,104500,1600,8.10,17200,164600
2026-10-05,6301,小松製作所,132100,22100,197400,3300,1.49,240100,760300
2026-10-05,6315,ＴＯＷＡ,161400,59100,2702400,-149600,16.74,167900,4711200
2026-10-05,6323,ローツェ,118500,40200,836000,-14700,7.05,160900,3514500
2026-10-05,6324,ハーモニック・ドライブ・システムズ,144100,6700,577100,-13700,4.00,723000,840500
2026-10-05,6361,荏原製作所,21700,6200,1064200,-49100,49.04,66300,1423600
2026-10-05,6367,ダイキン工業,7300,100,361000,6900,49.45,14900,599000
2026-10-05,6383,ダイフク,15100,-1500,494900,10300,32.77,41500,737600
2026-10-05,6460,セガサミーホールディングス,73300,-1500,71600,1000,0.98,97800,144400
2026-10-05,6501,日立製作所,314500,51500,1633600,-161300,5.19,463200,3235600
2026-10-05,6503,三菱電機,34900,0,1794700,-54600,51.42,95700,3400500
2026-10-05,6504,富士電機,18300,5300,173200,-5800,9.46,22500,418300
2026-10-05,6508,明電舎,12200,0,73600,-3600,6.03,18500,164000
2026-10-05,6525,ＫＯＫＵＳＡＩ　ＥＬＥＣＴＲＩＣ,661100,131600,1050900,-48200,1.59,708400,1768500
2026-10-05,6526,ソシオネクスト,385700,4100,2429900,-146300,6.30,1081500,5354300
2026-10-05,6588,東芝テック,2600,-5000,63500,-11600,24.42,26500,139800
2026-10-05,6590,芝浦メカトロニクス,42000,1200,816600,400,19.44,64900,1157600
2026-10-05,6594,ニデック,642700,-31100,4372800,-145500,6.80,674600,6275700
2026-10-05,6613,ＱＤレーザ,0,0,2146600,187800,,15100,3770100
2026-10-05,6617,東光高岳,7900,500,91200,-800,11.54,9100,160100
2026-10-05,6645,オムロン,25800,7100,233600,-105900,9.05,36100,377400
2026-10-05,6701,日本電気,189000,-3400,2283100,-153100,12.08,243400,4499100
2026-10-05,6702,富士通,107600,-10200,1188800,4400,11.05,163300,2373300
2026-10-05,6723,ルネサスエレクトロニクス,679000,147600,1679800,-142200,2.47,812900,2766900
2026-10-05,6724,セイコーエプソン,121600,3000,54200,3300,0.45,141400,91600
2026-10-05,6753,シャープ,271600,6400,1003200,-141700,3.69,2878300,2902300
2026-10-05,6758,ソニーグループ,240600,7200,3358900,-5200,13.96,279500,6078600
2026-10-05,6762,ＴＤＫ,679700,334300,2750700,-64900,4.05,799500,4915900
2026-10-05,6779,日本電波工業,0,0,628300,5400,,15200,1102900
2026-10-05,6787,メイコー,23000,5600,251600,-38900,10.94,28500,452000
2026-10-05,6807,日本航空電子工業,16100,100,14900,-2700,0.93,50600,34600
2026-10-05,6845,アズビル,32300,1600,94700,-3100,2.93,100800,141900
2026-10-05,6857,アドバンテスト,875400,67200,1188600,6200,1.36,2094700,1824300
2026-10-05,6861,キーエンス,47300,2700,93200,-8000,1.97,57400,127300
2026-10-05,6871,日本マイクロニクス,68200,-2900,406300,46700,5.96,84000,610700
2026-10-05,6890,フェローテック,87200,3200,586200,17400,6.72,88500,1824800
2026-10-05,6914,オプテックスグループ,1900,300,108700,-2300,57.21,1900,165500
2026-10-05,6920,レーザーテック,521300,-6000,826000,50500,1.58,671000,1236500
2026-10-05,6941,山一電機,25400,5300,155600,-6900,6.13,38800,318600
2026-10-05,6954,ファナック,214400,500,3246600,-114900,15.14,237200,4934600
2026-10-05,6963,ローム,127100,19600,484900,4000,3.82,179800,836200
2026-10-05,6965,浜松ホトニクス,79300,-400,1660800,-69400,20.94,99000,2742900
2026-10-05,6966,三井ハイテック,279800,102700,2051800,-676600,7.33,287600,6360400
2026-10-05,6971,京セラ,75300,13200,337100,-26800,4.48,116900,493600
2026-10-05,6976,太陽誘電,838900,-2500,2889500,-120700,3.44,1062000,3980900
2026-10-05,6981,村田製作所,955800,35300,4250200,-118100,4.45,1076000,6113800
2026-10-05,7011,三菱重工業,557900,-49300,11676000,-271000,20.93,879100,19767800
2026-10-05,7012,川崎重工業,515100,6300,9403600,99700,18.26,693100,19586200
2026-10-05,7013,ＩＨＩ,138700,6100,6838000,-31900,49.30,326300,13935200
2026-10-05,7148,ＦＰＧ,566000,1100,444800,-50400,0.79,639400,1729600
2026-10-05,7201,日産自動車,1058000,9800,46024900,1701100,43.50,1135200,79396100
2026-10-05,7202,いすゞ自動車,25400,-4300,653000,-33200,25.71,28800,1194900
2026-10-05,7203,トヨタ自動車,1524800,5400,10563400,-592200,6.93,1664300,18812500
2026-10-05,7261,マツダ,244100,16200,3969200,-37300,16.26,504300,6065800
2026-10-05,7267,本田技研工業,1596200,-4300,1476100,-40100,0.92,1658500,3813100
2026-10-05,7269,スズキ,46600,1200,1213400,22800,26.04,103200,3518500
2026-10-05,7270,ＳＵＢＡＲＵ,46500,-200,763300,-16500,16.42,146300,1619700
2026-10-05,7272,ヤマハ発動機,354500,15600,569000,-63800,1.61,386400,1171200
2026-10-05,7366,ＬＩＴＡＬＩＣＯ,39700,1300,42000,1900,1.06,47200,61800
2026-10-05,7421,カッパ・クリエイト,295600,6300,35900,4400,0.12,594400,48300
2026-10-05,7433,伯東,39900,-1300,167000,7800,4.19,56700,301000
2026-10-05,7453,良品計画,445200,12100,543900,-105000,1.22,531700,827200
2026-10-05,7550,ゼンショーホールディングス,173800,-7400,117400,-200,0.68,220600,142800
2026-10-05,7564,ワークマン,21800,1600,697300,-45000,31.99,69000,1035800
2026-10-05,7581,サイゼリヤ,32800,6500,217100,-16700,6.62,38300,768400
2026-10-05,7630,壱番屋,28500,-100,385800,26700,13.54,80100,958600
2026-10-05,7733,オリンパス,54200,-800,260500,1800,4.81,171000,596000
2026-10-05,7735,ＳＣＲＥＥＮホールディングス,155300,25300,574200,12100,3.70,198000,944600
2026-10-05,7741,ＨＯＹＡ,15000,2500,158200,-6800,10.55,21400,227900
2026-10-05,7751,キヤノン,99800,-10800,346200,-700,3.47,180200,1184400
2026-10-05,7762,シチズン時計,32900,-1200,160900,-9300,4.89,45900,295700
2026-10-05,7832,バンダイナムコホールディングス,52500,-600,160100,-7200,3.05,78500,286100
2026-10-05,7936,アシックス,131100,6100,2488200,-198900,18.98,369900,3480200
2026-10-05,7956,ピジョン,23000,-1500,55700,-4300,2.42,76000,262700
2026-10-05,7974,任天堂,578900,-12500,5304500,513200,9.16,679200,9924400
2026-10-05,8001,伊藤忠商事,945500,5700,10593000,-136500,11.20,1275900,13101500
2026-10-05,8002,丸紅,128700,8600,1940400,-77400,15.08,161000,3341900
2026-10-05,8015,豊田通商,20700,1700,130300,-5200,6.29,47300,539200
2026-10-05,8031,三井物産,58000,1400,3247700,-18900,55.99,107500,5058200
2026-10-05,8035,東京エレクトロン,627500,104700,4763400,-414800,7.59,817600,10368400
2026-10-05,8058,三菱商事,742500,17400,4012000,7300,5.40,830300,6576900
2026-10-05,8088,岩谷産業,18300,1600,568700,12700,31.08,27700,1733000
2026-10-05,8136,サンリオ,1376300,93800,10016700,-199300,7.28,1452400,18051700
2026-10-05,8218,コメリ,1800,0,8900,-200,4.94,16700,12200
2026-10-05,8227,しまむら,8000,-3200,138400,-5500,17.30,36300,268600
2026-10-05,8233,高島屋,295900,4200,680500,-16400,2.30,365700,929200
2026-10-05,8267,イオン,1246400,65500,7017900,24300,5.63,1453900,10322500
2026-10-05,8306,三菱ＵＦＪフィナンシャル・グループ,1493100,446700,22606800,-1635700,15.14,1841100,38151900
2026-10-05,8308,りそなホールディングス,252300,-8300,1718500,-237500,6.81,436100,2620500
2026-10-05,8309,三井住友トラストグループ,104300,-3400,1760300,-17300,16.88,111600,5419000
2026-10-05,8316,三井住友フィナンシャルグループ,963600,346600,13636100,-305600,14.15,1200500,27282500
2026-10-05,8411,みずほフィナンシャルグループ,697500,153500,2690200,-468400,3.86,810000,6850300
2026-10-05,8473,ＳＢＩホールディングス,38900,-8000,2956900,-154900,76.01,56500,6225600
2026-10-05,8511,日本証券金融,13300,1100,160400,10300,12.06,55500,366200
2026-10-05,8591,オリックス,65600,400,1092900,-125600,16.66,83100,1951500
2026-10-05,8601,大和証券グループ本社,105300,14400,867100,18100,8.23,142400,2819300
2026-10-05,8630,ＳＯＭＰＯホールディングス,18800,2700,310300,-16500,16.51,34800,568100
2026-10-05,8697,日本取引所グループ,331900,31100,191500,14600,0.58,449200,381600
2026-10-05,8750,第一ライフグループ,106200,3300,1341100,500,12.63,205200,2640700
2026-10-05,8766,東京海上ホールディングス,1144000,-47600,21715100,-144100,18.98,1613900,49229500
2026-10-05,8795,Ｔ＆Ｄホールディングス,54700,-2800,101500,4700,1.86,115900,279200
2026-10-05,8801,三井不動産,1200900,16400,1673400,43700,1.39,1230600,3493300
2026-10-05,8802,三菱地所,427900,-6400,658300,24300,1.54,449000,1076900
2026-10-05,8830,住友不動産,310200,-100,602100,33900,1.94,369800,1622800
2026-10-05,8876,リログループ,19200,-3500,17400,2300,0.91,23800,49500
2026-10-05,9005,東急,42400,5500,789600,38100,18.62,69400,1808400
2026-10-05,9020,東日本旅客鉄道,31400,400,641900,3100,20.44,58700,1078100
2026-10-05,9101,日本郵船,515000,-1700,961300,16300,1.87,613800,1320700
2026-10-05,9104,商船三井,279700,-20100,793000,28900,2.84,329200,1217400
2026-10-05,9107,川崎汽船,472900,-13700,963000,8500,2.04,788000,1795700
2026-10-05,9364,上組,3500,-400,37900,1200,10.83,3800,64900
2026-10-05,9432,ＮＴＴ,13085100,-133300,41689300,-802200,3.19,15696500,90785500
2026-10-05,9433,ＫＤＤＩ,760500,300,705300,100,0.93,821700,1099300
2026-10-05,9434,ソフトバンク,2650900,42300,8006400,-105600,3.02,3456000,24479700
2026-10-05,9468,ＫＡＤＯＫＡＷＡ,23400,2200,26100,-1100,1.12,214400,58500
2026-10-05,9501,東京電力ホールディングス,1201300,6800,57256700,322300,47.66,1418900,80683000
2026-10-05,9502,中部電力,175100,5800,430800,14400,2.46,213000,799400
2026-10-05,9503,関西電力,114800,-1200,616600,22000,5.37,172900,1098400
2026-10-05,9504,中国電力,81600,1300,589000,55200,7.22,106400,2401500
2026-10-05,9505,北陸電力,41700,2400,358500,-3300,8.60,64500,1190000
2026-10-05,9506,東北電力,83800,25000,3192300,166500,38.09,113200,4366500
2026-10-05,9513,電源開発,28000,-400,341100,11100,12.18,34800,847900
2026-10-05,9531,東京瓦斯,4700,-2800,86600,13500,18.43,14800,142800
2026-10-05,9602,東宝,105100,11300,485800,-2000,4.62,124700,866500
2026-10-05,9603,エイチ・アイ・エス,73600,-1900,495100,-5800,6.73,159500,1405700
2026-10-05,9605,東映,11500,1900,4300,-1200,0.37,19300,5800
2026-10-05,9684,スクウェア・エニックス・ホールディングス,65400,-1700,190400,22300,2.91,142500,302300
2026-10-05,9697,カプコン,185600,-1900,366200,11900,1.97,458500,539700
2026-10-05,9735,セコム,9200,-300,41200,-100,4.48,12900,54400
2026-10-05,9766,コナミグループ,92700,-1300,26700,-1600,0.29,102700,45600
2026-10-05,9843,ニトリホールディングス,344100,10000,561600,-24700,1.63,372000,1010500
2026-10-05,9960,東テク,11800,2500,25300,-500,2.14,11900,40700
2026-10-05,9983,ファーストリテイリング,135700,10900,274900,-40200,2.03,173800,396400
2026-10-05,9984,ソフトバンクグループ,3732400,255800,19580400,-1446900,5.25,4803200,29768100
2026-10-06,1326,ＳＰＤＲゴールド・シェア,68,1,3540,-45,52.06,68,7235
2026-10-06,1357,ＮＥＸＴ　ＦＵＮＤＳ　日経平均ダブルインバース・インデックス連動型上場投信,1282149,-28726,3052412,273082,2.38,1282149,6134244
2026-10-06,1377,サカタのタネ,24500,11400,39100,7200,1.60,36500,58500
2026-10-06,1419,タマホーム,173200,-200,108600,2600,0.63,661900,200200
2026-10-06,1540,純金上場信託（現物国内保管型）,15591,-661,444492,3133,28.51,15591,1108351
2026-10-06,1570,ＮＥＸＴ　ＦＵＮＤＳ　日経平均レバレッジ・インデックス連動型上場投信,390586,32210,744100,-90703,1.91,392577,1134398
2026-10-06,1605,ＩＮＰＥＸ,82900,16200,1783500,-99600,21.51,164900,3259400
2026-10-06,1662,石油資源開発,12400,-1400,407500,7800,32.86,34400,1025300
2026-10-06,1719,安藤・間,23700,-9100,341800,6200,14.42,50900,614700
2026-10-06,1801,大成建設,20200,-2000,392600,9000,19.44,30500,487300
2026-10-06,1802,大林組,41900,-500,517600,8100,12.35,82900,821800
2026-10-06,1803,清水建設,36400,-9600,2650700,65800,72.82,56500,3319000
2026-10-06,1812,鹿島建設,21900,-1300,884900,39100,40.41,34600,1331200
2026-10-06,1820,西松建設,2600,-100,88700,11900,34.12,6100,199600
2026-10-06,1833,奥村組,2100,100,107600,-100,51.24,21500,216800
2026-10-06,1835,東鉄工業,5800,700,40500,100,6.98,7300,104900
2026-10-06,1878,大東建託,23500,-6500,286600,-9000,12.20,70900,711000
2026-10-06,1888,若築建設,2500,0,16800,-300,6.72,2600,61300
2026-10-06,1911,住友林業,97200,2700,2147800,54600,22.10,126000,4726500
2026-10-06,1925,大和ハウス工業,105800,13100,660100,-122900,6.24,412300,1187200
2026-10-06,1928,積水ハウス,525300,-8100,376500,-13100,0.72,549200,901000
2026-10-06,2168,パソナグループ,24400,900,98100,-500,4.02,45100,421500
2026-10-06,2198,アイ・ケイ・ケイホールディングス,28600,600,23900,-10900,0.84,28600,46300
2026-10-06,2267,ヤクルト本社,27000,-2100,164900,-4900,6.11,62000,452300
2026-10-06,2379,ディップ,69600,0,85600,-3300,1.23,103400,227400
2026-10-06,2413,エムスリー,139600,2700,915800,-23800,6.56,920700,2857000
2026-10-06,2432,ディー・エヌ・エー,17800,-2800,460600,17500,25.88,31700,1818000
2026-10-06,2501,サッポロビール,166200,-4000,158100,3000,0.95,343600,285900
2026-10-06,2502,アサヒグループホールディングス,69600,-400,1779600,-2200,25.57,78100,3525700
2026-10-06,2503,キリンホールディングス,38400,500,175200,-1600,4.56,77300,477600
2026-10-06,256A,飛島ホールディングス,12700,600,272100,-2900,21.43,12700,859300
2026-10-06,2585,ライフドリンク　カンパニー,26600,-1100,341100,7100,12.82,27600,1052400
2026-10-06,2587,サントリービバレッジ＆フード,2900,600,59800,-1300,20.62,29500,100600
2026-10-06,2593,伊藤園,45800,-100,56100,0,1.22,77700,240800
2026-10-06,2644,グローバルＸ　半導体関連－日本株式　ＥＴＦ,49656,8031,492846,22328,9.93,49656,1056674
2026-10-06,2767,円谷フィールズホールディングス,0,0,188000,-8100,,25100,397000
2026-10-06,2768,双日,25200,600,858800,-11500,34.08,39600,2781300
2026-10-06,2802,味の素,40200,-600,889100,-200,22.12,81300,1226300
2026-10-06,285A,キオクシアホールディングス,1570300,-331400,27771400,510200,17.69,2154800,42090800
2026-10-06,2914,日本たばこ産業,139900,-8000,1191600,-2700,8.52,194300,2176000
2026-10-06,3038,神戸物産,233400,3300,729900,-38800,3.13,2021600,1248600
2026-10-06,3048,ビックカメラ,65900,-300,95900,-5200,1.46,109600,127700
2026-10-06,3088,マツキヨココカラ＆カンパニー,11000,1300,93900,-1800,8.54,33400,191100
2026-10-06,3092,ＺＯＺＯ,109300,11700,321800,-7200,2.94,298600,573800
2026-10-06,3099,三越伊勢丹ホールディングス,502300,-6700,750100,-71100,1.49,562500,1297700
2026-10-06,3110,日東紡績,1584000,157400,3623900,-62300,2.29,1611800,5415800
2026-10-06,3289,東急不動産ホールディングス,63300,-11400,647900,28200,10.24,82600,1334700
2026-10-06,3436,ＳＵＭＣＯ,925800,20700,2247200,-58900,2.43,1045100,3135600
2026-10-06,3445,ＲＳ　Ｔｅｃｈｎｏｌｏｇｉｅｓ,1700,-900,85600,500,50.35,6900,367700
2026-10-06,3465,ケイアイスター不動産,30300,3600,116400,-1600,3.84,45200,350400
2026-10-06,3498,霞ヶ関キャピタル,164900,-44300,463300,99100,2.81,165000,1365500
2026-10-06,3563,ＦＯＯＤ　＆　ＬＩＦＥ　ＣＯＭＰＡＮＩＥＳ,249300,6200,795400,-36200,3.19,287600,1056400
2026-10-06,3635,コーエーテクモホールディングス,16900,300,246100,-6800,14.56,37500,855000
2026-10-06,3663,セルシス,64400,-500,180800,-2500,2.81,87200,874800
2026-10-06,3687,フィックスターズ,870600,2800,1341900,-34000,1.54,870800,2020700
2026-10-06,3697,ＳＨＩＦＴ,2779500,-4200,3122200,-85700,1.12,2786800,9014000
2026-10-06,3778,さくらインターネット,476800,-600,630400,-16200,1.32,604300,1220900
2026-10-06,4041,日本曹達,1300,-1100,60600,13100,46.62,11200,93900
2026-10-06,4042,東ソー,35100,-11900,297600,-6300,8.48,107200,1060600
2026-10-06,4043,トクヤマ,4300,-1000,292100,-2600,67.93,17400,1421100
2026-10-06,4062,イビデン,1307100,-15100,2238100,-60100,1.71,1420800,3438300
2026-10-06,4063,信越化学工業,179700,1900,2140000,-37600,11.91,226500,3396800
2026-10-06,4183,三井化学,47800,-4000,335600,-10000,7.02,59200,651400
2026-10-06,4188,三菱ケミカルグループ,67300,-1800,957000,19700,14.22,97700,1469500
2026-10-06,4307,野村総合研究所,22500,9700,370100,-22800,16.45,41500,686200
2026-10-06,4318,クイック,10400,-400,20600,0,1.98,35400,78200
2026-10-06,4385,メルカリ,59100,5100,1013000,6400,17.14,115100,1619700
2026-10-06,4443,Ｓａｎｓａｎ,94600,2700,187700,-15500,1.98,140700,587300
2026-10-06,4452,花王,134100,-200,175800,2500,1.31,143400,316200
2026-10-06,4475,ＨＥＮＮＧＥ,839600,-22800,798700,21300,0.95,871000,1651700
2026-10-06,4502,武田薬品工業,556400,2500,316300,-60800,0.57,579700,621100
2026-10-06,4503,アステラス製薬,63800,-10300,385400,-8200,6.04,432100,890000
2026-10-06,4507,塩野義製薬,17500,3900,559700,-100300,31.98,81800,830200
2026-10-06,4519,中外製薬,15600,-3500,1440700,-14700,92.35,38900,2105400
2026-10-06,4543,テルモ,66400,100,392800,-23200,5.92,114900,690700
2026-10-06,4559,ゼリア新薬工業,26600,900,137200,-1000,5.16,27500,178000
2026-10-06,4568,第一三共,95200,-5300,1968800,-20900,20.68,101300,4497400
2026-10-06,4578,大塚ホールディングス,4600,-100,70700,1600,15.37,9800,95500
2026-10-06,4613,関西ペイント,30900,-6100,72800,-4700,2.36,104300,113500
2026-10-06,4661,オリエンタルランド,1886900,-24800,977600,-13700,0.52,2386000,2458800
2026-10-06,4665,ダスキン,24800,2500,12700,-100,0.51,36200,22400
2026-10-06,4684,オービック,0,0,80200,-2300,,33200,139800
2026-10-06,4686,ジャストシステム,20000,500,126600,3400,6.33,30300,249900
2026-10-06,4704,トレンドマイクロ,36000,2300,179600,33900,4.99,52800,434800
2026-10-06,4755,楽天グループ,1154200,64400,17233800,-462500,14.93,1534500,39115000
2026-10-06,4776,サイボウズ,241600,-1800,165000,-1500,0.68,266600,699900
2026-10-06,4816,東映アニメーション,17300,700,151800,10900,8.77,18500,231500
2026-10-06,4887,サワイグループホールディングス,32800,-2900,279300,7400,8.52,84300,400600
2026-10-06,4901,富士フイルムホールディングス,20800,-4100,1148000,-4200,55.19,34000,2193400
2026-10-06,4902,コニカミノルタ,152000,7700,463800,-32200,3.05,234800,1054900
2026-10-06,4911,資生堂,294100,4500,582400,80400,1.98,345100,906300
2026-10-06,4967,小林製薬,59300,-800,52700,-900,0.89,100400,92000
2026-10-06,4980,デクセリアルズ,31400,3200,1057500,15700,33.68,64000,1824300
2026-10-06,5016,ＪＸ金属,775200,131200,14846000,-506200,19.15,926700,22258700
2026-10-06,5019,出光興産,223500,104200,604300,-68300,2.70,300700,846400
2026-10-06,5020,ＥＮＥＯＳホールディングス,96700,9500,1265500,75000,13.09,246200,2206200
2026-10-06,5021,コスモエネルギーホールディングス,7000,1600,73100,1000,10.44,36100,159700
2026-10-06,5108,ブリヂストン,116100,-6500,503100,30600,4.33,492900,688400
2026-10-06,5201,ＡＧＣ,11500,1000,565400,3100,49.17,18600,904600
2026-10-06,5253,カバー,1139100,101800,1716500,6000,1.51,1139100,2873000
2026-10-06,5332,ＴＯＴＯ,43400,-700,484500,-4100,11.16,63600,736500
2026-10-06,5334,日本特殊陶業,22600,-4300,700400,6900,30.99,86400,1242100
2026-10-06,5344,ＭＡＲＵＷＡ,6400,1200,36700,-1400,5.73,8100,54800
2026-10-06,5401,日本製鉄,1464900,-67000,20409200,-782600,13.93,1743400,40036400
2026-10-06,5406,神戸製鋼所,56500,-4200,899600,-65800,15.92,235300,1660300
2026-10-06,5631,日本製鋼所,26100,-4100,515400,-12400,19.75,41100,1052000
2026-10-06,5706,三井金属,785600,-26700,7500900,73100,9.55,1165900,13544500
2026-10-06,5711,三菱マテリアル,21000,4000,1227400,-37700,58.45,32800,2317200
2026-10-06,5713,住友金属鉱山,120700,12200,1098500,-58000,9.10,158900,1680000
2026-10-06,5726,大阪チタニウムテクノロジーズ,815000,1100,816700,-37600,1.00,815700,1447900
2026-10-06,5801,古河電気工業,976800,9000,9490200,-501700,9.72,1505800,15843800
2026-10-06,5802,住友電気工業,276900,29700,6155400,-210200,22.23,394200,10080000
2026-10-06,5803,フジクラ,2063500,855400,12245600,-1398200,5.93,2952100,19090800
2026-10-06,5857,ＡＲＥホールディングス,9800,-1900,251700,-13800,25.68,14500,637300
2026-10-06,5938,ＬＩＸＩＬ,359600,-11000,635800,-17600,1.77,428700,1870700
2026-10-06,6098,リクルートホールディングス,270300,16400,298500,3300,1.10,386100,499300
2026-10-06,6134,ＦＵＪＩ,18800,-300,258200,200,13.73,22100,564900
2026-10-06,6146,ディスコ,113200,-4200,514900,-9500,4.55,163100,764300
2026-10-06,6178,日本郵政,62000,400,297700,-8900,4.80,120100,500700
2026-10-06,6254,野村マイクロ・サイエンス,329600,2900,1011200,-5100,3.07,332100,2055100
2026-10-06,6258,平田機工,52100,4500,107500,-5300,2.06,83900,781400
2026-10-06,6269,三井海洋開発,28400,-4300,800800,-49500,28.20,41400,1568700
2026-10-06,6273,ＳＭＣ,7600,1100,29900,-1100,3.93,10500,51000
2026-10-06,6278,ユニオンツール,14800,1900,97500,-7000,6.59,19000,157800
2026-10-06,6301,小松製作所,121700,-10400,202000,4600,1.66,228900,745900
2026-10-06,6315,ＴＯＷＡ,185300,23900,2590800,-111600,13.98,199500,4576500
2026-10-06,6323,ローツェ,106100,-12400,872700,36700,8.23,143700,3544000
2026-10-06,6324,ハーモニック・ドライブ・システムズ,144800,700,587400,10300,4.06,724700,854600
2026-10-06,6361,荏原製作所,14300,-7400,1075100,10900,75.18,58300,1442400
2026-10-06,6367,ダイキン工業,11900,4600,339900,-21100,28.56,20200,571300
2026-10-06,6383,ダイフク,18800,3700,490100,-4800,26.07,45100,731300
2026-10-06,6460,セガサミーホールディングス,71600,-1700,79100,7500,1.10,95200,147900
2026-10-06,6501,日立製作所,308200,-6300,1588300,-45300,5.15,454800,3186900
2026-10-06,6503,三菱電機,27700,-7200,1815500,20800,65.54,89300,3437200
2026-10-06,6504,富士電機,18000,-300,161400,-11800,8.97,22600,405500
2026-10-06,6508,明電舎,13000,800,72500,-1100,5.58,19300,162000
2026-10-06,6525,ＫＯＫＵＳＡＩ　ＥＬＥＣＴＲＩＣ,572900,-88200,1149000,98100,2.01,616600,1908700
2026-10-06,6526,ソシオネクスト,370400,-15300,2453200,23300,6.62,1064100,5377700
2026-10-06,6588,東芝テック,2800,200,61600,-1900,22.00,26700,137300
2026-10-06,6590,芝浦メカトロニクス,41700,-300,805100,-11500,19.31,64500,1139200
2026-10-06,6594,ニデック,640700,-2000,4400400,27600,6.87,671800,6326000
2026-10-06,6613,ＱＤレーザ,0,0,1967900,-178700,,15100,3548200
2026-10-06,6617,東光高岳,8000,100,87500,-3700,10.94,9200,156000
2026-10-06,6645,オムロン,20500,-5300,259100,25500,12.64,30000,404600
2026-10-06,6701,日本電気,190600,1600,2272100,-11000,11.92,244500,4466900
2026-10-06,6702,富士通,106500,-1100,1218100,29300,11.44,156700,2392500
2026-10-06,6723,ルネサスエレクトロニクス,665900,-13100,1745800,66000,2.62,802000,2844900
2026-10-06,6724,セイコーエプソン,123100,1500,53700,-500,0.44,142700,92600
2026-10-06,6753,シャープ,254900,-16700,1266800,263600,4.97,2863600,3182900
2026-10-06,6758,ソニーグループ,236800,-3800,3289100,-69800,13.89,278400,5979700
2026-10-06,6762,ＴＤＫ,876100,196400,2780300,29600,3.17,1039600,4997300
2026-10-06,6779,日本電波工業,0,0,638100,9800,,14000,1116500
2026-10-06,6787,メイコー,45600,22600,232400,-19200,5.10,52800,429200
2026-10-06,6807,日本航空電子工業,18200,2100,16100,1200,0.88,52300,37300
2026-10-06,6845,アズビル,35900,3600,101400,6700,2.82,107300,148900
2026-10-06,6857,アドバンテスト,1092800,217400,1168400,-20200,1.07,2371800,1791900
2026-10-06,6861,キーエンス,46200,-1100,94000,800,2.03,56200,129200
2026-10-06,6871,日本マイクロニクス,79700,11500,369700,-36600,4.64,99700,569500
2026-10-06,6890,フェローテック,84400,-2800,597000,10800,7.07,85600,1852100
2026-10-06,6914,オプテックスグループ,1100,-800,106500,-2200,96.82,1100,163000
2026-10-06,6920,レーザーテック,516600,-4700,796900,-29100,1.54,667100,1203100
2026-10-06,6941,山一電機,35300,9900,146900,-8700,4.16,49200,309800
2026-10-06,6954,ファナック,207700,-6700,3230500,-16100,15.55,229600,4923100
2026-10-06,6963,ローム,113300,-13800,490500,5600,4.33,166400,849900
2026-10-06,6965,浜松ホトニクス,89900,10600,1625800,-35000,18.08,108600,2707000
2026-10-06,6966,三井ハイテック,299100,19300,2014900,-36900,6.74,307200,6266400
2026-10-06,6971,京セラ,64500,-10800,351500,14400,5.45,104800,519700
2026-10-06,6976,太陽誘電,1096100,257200,2692900,-196600,2.46,1324700,3717500
2026-10-06,6981,村田製作所,990100,34300,4208400,-41800,4.25,1131300,6014500
2026-10-06,7011,三菱重工業,516600,-41300,12618900,942900,24.43,830600,21345800
2026-10-06,7012,川崎重工業,504500,-10600,9509400,105800,18.85,685200,19686600
2026-10-06,7013,ＩＨＩ,150500,11800,6778800,-59200,45.04,338400,13881900
2026-10-06,7148,ＦＰＧ,562800,-3200,438500,-6300,0.78,635400,1701600
2026-10-06,7201,日産自動車,1096400,38400,43516200,-2508700,39.69,1213400,76113300
2026-10-06,7202,いすゞ自動車,19100,-6300,645000,-8000,33.77,22300,1181200
2026-10-06,7203,トヨタ自動車,1598200,73400,10198100,-365300,6.38,1754000,18387700
2026-10-06,7261,マツダ,229900,-14200,3910600,-58600,17.01,489400,6057000
2026-10-06,7267,本田技研工業,1617400,21200,1386200,-89900,0.86,1674100,3663100
2026-10-06,7269,スズキ,44400,-2200,1211000,-2400,27.27,104900,3493300
2026-10-06,7270,ＳＵＢＡＲＵ,48400,1900,769500,6200,15.90,148000,1621800
2026-10-06,7272,ヤマハ発動機,335300,-19200,601400,32400,1.79,368900,1210700
2026-10-06,7366,ＬＩＴＡＬＩＣＯ,40800,1100,42000,0,1.03,48300,63100
2026-10-06,7421,カッパ・クリエイト,301700,6100,39100,3200,0.13,600400,53000
2026-10-06,7433,伯東,37700,-2200,166100,-900,4.41,54500,295500
2026-10-06,7453,良品計画,448000,2800,531500,-12400,1.19,535000,816600
2026-10-06,7550,ゼンショーホールディングス,174000,200,112900,-4500,0.65,220700,140700
2026-10-06,7564,ワークマン,15300,-6500,688300,-9000,44.99,62900,997400
2026-10-06,7581,サイゼリヤ,30700,-2100,223600,6500,7.28,36100,780300
2026-10-06,7630,壱番屋,27900,-600,368900,-16900,13.22,79100,1100700
2026-10-06,7733,オリンパス,59100,4900,256200,-4300,4.34,175300,584900
2026-10-06,7735,ＳＣＲＥＥＮホールディングス,170200,14900,548300,-25900,3.22,218100,909500
2026-10-06,7741,ＨＯＹＡ,16100,1100,141700,-16500,8.80,22800,209400
2026-10-06,7751,キヤノン,94000,-5800,342300,-3900,3.64,174000,1193300
2026-10-06,7762,シチズン時計,31700,-1200,161200,300,5.09,44700,304200
2026-10-06,7832,バンダイナムコホールディングス,56000,3500,159900,-200,2.86,81700,287500
2026-10-06,7936,アシックス,166900,35800,2257700,-230500,13.53,406300,3212100
2026-10-06,7956,ピジョン,23700,700,48100,-7600,2.03,77000,254800
2026-10-06,7974,任天堂,596200,17300,5051200,-253300,8.47,697700,9615900
2026-10-06,8001,伊藤忠商事,944900,-600,10620200,27200,11.24,1274900,13136900
2026-10-06,8002,丸紅,124500,-4200,1941900,1500,15.60,156500,3344000
2026-10-06,8015,豊田通商,19300,-1400,120700,-9600,6.25,46200,529900
2026-10-06,8031,三井物産,80500,22500,3186600,-61100,39.59,129900,4962500
2026-10-06,8035,東京エレクトロン,561000,-66500,4944900,181500,8.81,746900,10599400
2026-10-06,8058,三菱商事,742300,-200,3996100,-15900,5.38,830600,6515300
2026-10-06,8088,岩谷産業,17600,-700,571200,2500,32.45,27100,1737800
2026-10-06,8136,サンリオ,1640700,264400,9457500,-559200,5.76,1718000,17293800
2026-10-06,8218,コメリ,2300,500,9300,400,4.04,17200,12700
2026-10-06,8227,しまむら,8400,400,131400,-7000,15.64,36700,261400
2026-10-06,8233,高島屋,292000,-3900,683100,2600,2.34,360200,930700
2026-10-06,8267,イオン,1188800,-57600,7019600,1700,5.90,1397900,10349800
2026-10-06,8306,三菱ＵＦＪフィナンシャル・グループ,1864900,371800,19352900,-3253900,10.38,2227500,34050300
2026-10-06,8308,りそなホールディングス,455000,202700,1129000,-589500,2.48,723800,1856800
2026-10-06,8309,三井住友トラストグループ,105000,700,1695200,-65100,16.14,112600,5206400
2026-10-06,8316,三井住友フィナンシャルグループ,987300,23700,12898100,-738000,13.06,1224200,26167700
2026-10-06,8411,みずほフィナンシャルグループ,896000,198500,2260400,-429800,2.52,1025100,6187900
2026-10-06,8473,ＳＢＩホールディングス,35700,-3200,2881000,-75900,80.70,54600,6105800
2026-10-06,8511,日本証券金融,13100,-200,162200,1800,12.38,55400,381100
2026-10-06,8591,オリックス,55700,-9900,1087800,-5100,19.53,73500,1959200
2026-10-06,8601,大和証券グループ本社,100000,-5300,791000,-76100,7.91,120300,2723900
2026-10-06,8630,ＳＯＭＰＯホールディングス,16600,-2200,302800,-7500,18.24,35600,551000
2026-10-06,8697,日本取引所グループ,331300,-600,194500,3000,0.59,448700,373500
2026-10-06,8750,第一ライフグループ,129800,23600,1269500,-71600,9.78,229600,2448900
2026-10-06,8766,東京海上ホールディングス,1607900,463900,19777500,-1937600,12.30,2230300,46319400
2026-10-06,8795,Ｔ＆Ｄホールディングス,50900,-3800,95300,-6200,1.87,112500,264100
2026-10-06,8801,三井不動産,1196000,-4900,1650200,-23200,1.38,1225400,3515900
2026-10-06,8802,三菱地所,426700,-1200,639800,-18500,1.50,447400,1064900
2026-10-06,8830,住友不動産,314300,4100,580000,-22100,1.85,372500,1606200
2026-10-06,8876,リログループ,19800,600,15600,-1800,0.79,24200,48300
2026-10-06,9005,東急,32800,-9600,771500,-18100,23.52,63100,1746500
2026-10-06,9020,東日本旅客鉄道,36500,5100,660000,18100,18.08,63500,1099800
2026-10-06,9101,日本郵船,490200,-24800,959600,-1700,1.96,589500,1311600
2026-10-06,9104,商船三井,293900,14200,755600,-37400,2.57,347200,1172200
2026-10-06,9107,川崎汽船,459300,-13600,961100,-1900,2.09,773500,1792400
2026-10-06,9364,上組,3000,-500,37400,-500,12.47,3300,71800
2026-10-06,9432,ＮＴＴ,12918100,-167000,43204900,1515600,3.34,15476300,92237100
2026-10-06,9433,ＫＤＤＩ,736400,-24100,854600,149300,1.16,797800,1282200
2026-10-06,9434,ソフトバンク,2540100,-110800,7903500,-102900,3.11,3315300,24588300
2026-10-06,9468,ＫＡＤＯＫＡＷＡ,21700,-1700,29300,3200,1.35,213200,64700
2026-10-06,9501,東京電力ホールディングス,1115100,-86200,57493700,237000,51.56,1324200,81279800
2026-10-06,9502,中部電力,171800,-3300,480000,49200,2.79,208900,837900
2026-10-06,9503,関西電力,128700,13900,669700,53100,5.20,187600,1168800
2026-10-06,9504,中国電力,83900,2300,566500,-22500,6.75,110100,2509600
2026-10-06,9505,北陸電力,43600,1900,364300,5800,8.36,65300,1233800
2026-10-06,9506,東北電力,63200,-20600,3178000,-14300,50.28,90500,4375300
2026-10-06,9513,電源開発,28600,600,337600,-3500,11.80,35300,864600
2026-10-06,9531,東京瓦斯,5200,500,88100,1500,16.94,15000,142900
2026-10-06,9602,東宝,100800,-4300,479200,-6600,4.75,120100,863100
2026-10-06,9603,エイチ・アイ・エス,69800,-3800,497700,2600,7.13,159400,1410600
2026-10-06,9605,東映,12100,600,3400,-900,0.28,20100,4900
2026-10-06,9684,スクウェア・エニックス・ホールディングス,65500,100,193600,3200,2.96,142100,315500
2026-10-06,9697,カプコン,180800,-4800,359700,-6500,1.99,468900,534600
2026-10-06,9735,セコム,9400,200,42100,900,4.48,13100,55600
2026-10-06,9766,コナミグループ,87600,-5100,27300,600,0.31,97700,45400
2026-10-06,9843,ニトリホールディングス,330800,-13300,542200,-19400,1.64,359300,988600
2026-10-06,9960,東テク,13800,2000,24800,-500,1.80,13900,40400
2026-10-06,9983,ファーストリテイリング,139200,3500,266300,-8600,1.91,177100,377900
2026-10-06,9984,ソフトバンクグループ,3277100,-455300,21419900,1839500,6.54,4284000,32122200
2026-10-07,1326,ＳＰＤＲゴールド・シェア,67,-1,3691,151,55.09,67,7389
2026-10-07,1357,ＮＥＸＴ　ＦＵＮＤＳ　日経平均ダブルインバース・インデックス連動型上場投信,1287025,4876,2835365,-217047,2.20,1287025,5282649
2026-10-07,1377,サカタのタネ,22400,-2100,48000,8900,2.14,34100,67000
2026-10-07,1419,タマホーム,173100,-100,111400,2800,0.64,674600,202600
2026-10-07,1540,純金上場信託（現物国内保管型）,14682,-909,451908,7416,30.78,14682,1114549
2026-10-07,1570,ＮＥＸＴ　ＦＵＮＤＳ　日経平均レバレッジ・インデックス連動型上場投信,353609,-36977,766560,22460,2.17,353848,1198527
2026-10-07,1605,ＩＮＰＥＸ,67500,-15400,1801100,17600,26.68,148800,3312600
2026-10-07,1662,石油資源開発,11300,-1100,413800,6300,36.62,30900,1033400
2026-10-07,1719,安藤・間,24100,400,339200,-2600,14.07,48200,616600
2026-10-07,1801,大成建設,21700,1500,368300,-24300,16.97,32500,454500
2026-10-07,1802,大林組,37500,-4400,508400,-9200,13.56,78400,795100
2026-10-07,1803,清水建設,41900,5500,2574800,-75900,61.45,68100,3194400
2026-10-07,1812,鹿島建設,23500,1600,834300,-50600,35.50,36400,1255900
2026-10-07,1820,西松建設,2300,-300,93400,4700,40.61,5800,217300
2026-10-07,1833,奥村組,2600,500,111200,3600,42.77,22100,222600
2026-10-07,1835,東鉄工業,5700,-100,41700,1200,7.32,7200,106700
2026-10-07,1878,大東建託,22700,-800,282200,-4400,12.43,70300,707400
2026-10-07,1888,若築建設,2800,300,17100,300,6.11,2900,58400
2026-10-07,1911,住友林業,96700,-500,2090200,-57600,21.62,123700,4640900
2026-10-07,1925,大和ハウス工業,214100,108300,631300,-28800,2.95,628200,1163100
2026-10-07,1928,積水ハウス,517500,-7800,376100,-400,0.73,541500,891800
2026-10-07,2168,パソナグループ,30300,5900,102400,4300,3.38,51000,424400
2026-10-07,2198,アイ・ケイ・ケイホールディングス,29100,500,23000,-900,0.79,29100,45400
2026-10-07,2267,ヤクルト本社,24900,-2100,164500,-400,6.61,59700,440000
2026-10-07,2379,ディップ,68600,-1000,87400,1800,1.27,102400,229400
2026-10-07,2413,エムスリー,147100,7500,927200,11400,6.30,942400,2862300
2026-10-07,2432,ディー・エヌ・エー,18300,500,453600,-7000,24.79,32400,1798500
2026-10-07,2501,サッポロビール,174600,8400,167500,9400,0.96,386900,296500
2026-10-07,2502,アサヒグループホールディングス,95900,26300,1815600,36000,18.93,110100,3594700
2026-10-07,2503,キリンホールディングス,53600,15200,229800,54600,4.29,144500,554700
2026-10-07,256A,飛島ホールディングス,13500,800,271800,-300,20.13,13500,858700
2026-10-07,2585,ライフドリンク　カンパニー,28000,1400,334400,-6700,11.94,29000,1047300
2026-10-07,2587,サントリービバレッジ＆フード,13000,10100,56200,-3600,4.32,61200,87300
2026-10-07,2593,伊藤園,45800,0,53300,-2800,1.16,77600,236700
2026-10-07,2644,グローバルＸ　半導体関連－日本株式　ＥＴＦ,50638,982,511005,18159,10.09,50638,1051950
2026-10-07,2767,円谷フィールズホールディングス,0,0,184600,-3400,,24900,386400
2026-10-07,2768,双日,21500,-3700,878200,19400,40.85,35500,2811500
2026-10-07,2802,味の素,50000,9800,879400,-9700,17.59,90400,1203800
2026-10-07,285A,キオクシアホールディングス,1379600,-190700,29179500,1408100,21.15,1692900,44672700
2026-10-07,2914,日本たばこ産業,149500,9600,1093900,-97700,7.32,224100,2080900
2026-10-07,3038,神戸物産,231900,-1500,720900,-9000,3.11,2256200,1239800
2026-10-07,3048,ビックカメラ,64100,-1800,112500,16600,1.76,107800,147600
2026-10-07,3088,マツキヨココカラ＆カンパニー,10500,-500,93900,0,8.94,31900,191100
2026-10-07,3092,ＺＯＺＯ,92400,-16900,265200,-56600,2.87,281700,519700
2026-10-07,3099,三越伊勢丹ホールディングス,499100,-3200,748400,-1700,1.50,560500,1271700
2026-10-07,3110,日東紡績,1554700,-29300,3611300,-12600,2.32,1575700,5422200
2026-10-07,3289,東急不動産ホールディングス,64200,900,632400,-15500,9.85,83500,1310100
2026-10-07,3436,ＳＵＭＣＯ,894200,-31600,2226700,-20500,2.49,1009600,3135200
2026-10-07,3445,ＲＳ　Ｔｅｃｈｎｏｌｏｇｉｅｓ,1700,0,84800,-800,49.88,6900,366900
2026-10-07,3465,ケイアイスター不動産,33900,3600,113700,-2700,3.35,48800,357500
2026-10-07,3498,霞ヶ関キャピタル,201900,37000,364100,-99200,1.80,202100,1198700
2026-10-07,3563,ＦＯＯＤ　＆　ＬＩＦＥ　ＣＯＭＰＡＮＩＥＳ,253400,4100,731000,-64400,2.88,295600,964500
2026-10-07,3635,コーエーテクモホールディングス,14300,-2600,254200,8100,17.78,34800,869400
2026-10-07,3663,セルシス,61800,-2600,191000,10200,3.09,84600,887600
2026-10-07,3687,フィックスターズ,874300,3700,1332400,-9500,1.52,874500,2005500
2026-10-07,3697,ＳＨＩＦＴ,1782700,-996800,3068700,-53500,1.72,1790000,8908900
2026-10-07,3778,さくらインターネット,490600,13800,609400,-21000,1.24,618100,1198700
2026-10-07,4041,日本曹達,1100,-200,57300,-3300,52.09,10900,90200
2026-10-07,4042,東ソー,29000,-6100,274700,-22900,9.47,101300,1037700
2026-10-07,4043,トクヤマ,4900,600,290500,-1600,59.29,18000,1420000
2026-10-07,4062,イビデン,1288400,-18700,2218400,-19700,1.72,1403800,3312600
2026-10-07,4063,信越化学工業,164200,-15500,2213900,73900,13.48,208600,3495100
2026-10-07,4183,三井化学,46700,-1100,335000,-600,7.17,57800,634800
2026-10-07,4188,三菱ケミカルグループ,58900,-8400,918000,-39000,15.59,86200,1421900
2026-10-07,4307,野村総合研究所,24500,2000,356300,-13800,14.54,42200,659100
2026-10-07,4318,クイック,10800,400,20600,0,1.91,35800,78200
2026-10-07,4385,メルカリ,65200,6100,1023900,10900,15.70,124200,1644400
2026-10-07,4443,Ｓａｎｓａｎ,90700,-3900,180900,-6800,1.99,134900,575900
2026-10-07,4452,花王,135400,1300,183700,7900,1.36,144600,328400
2026-10-07,4475,ＨＥＮＮＧＥ,829400,-10200,907700,109000,1.09,856600,1751800
2026-10-07,4502,武田薬品工業,548100,-8300,324000,7700,0.59,571800,627400
2026-10-07,4503,アステラス製薬,48900,-14900,384100,-1300,7.85,403900,895900
2026-10-07,4507,塩野義製薬,150200,132700,545000,-14700,3.63,188600,813300
2026-10-07,4519,中外製薬,15100,-500,1426400,-14300,94.46,39200,2089900
2026-10-07,4543,テルモ,65500,-900,396100,3300,6.05,113400,693900
2026-10-07,4559,ゼリア新薬工業,27300,700,135900,-1300,4.98,28800,173400
2026-10-07,4568,第一三共,73800,-21400,2131400,162600,28.88,79000,4714700
2026-10-07,4578,大塚ホールディングス,4400,-200,74100,3400,16.84,9100,97800
2026-10-07,4613,関西ペイント,29800,-1100,71700,-1100,2.41,102500,111900
2026-10-07,4661,オリエンタルランド,1860100,-26800,1013800,36200,0.55,2355500,2477100
2026-10-07,4665,ダスキン,26100,1300,13700,1000,0.52,37500,23400
2026-10-07,4684,オービック,0,0,75800,-4400,,32600,135200
2026-10-07,4686,ジャストシステム,20800,800,127300,700,6.12,31200,251500
2026-10-07,4704,トレンドマイクロ,41300,5300,234400,54800,5.68,58000,488300
2026-10-07,4755,楽天グループ,1404900,250700,20412300,3178500,14.53,1779700,43518500
2026-10-07,4776,サイボウズ,242800,1200,154500,-10500,0.64,267800,688400
2026-10-07,4816,東映アニメーション,20000,2700,174200,22400,8.71,21200,256800
2026-10-07,4887,サワイグループホールディングス,32400,-400,277200,-2100,8.56,83900,393500
2026-10-07,4901,富士フイルムホールディングス,168700,147900,1129100,-18900,6.69,181600,2153900
2026-10-07,4902,コニカミノルタ,142900,-9100,521100,57300,3.65,236000,1178800
2026-10-07,4911,資生堂,293200,-900,519900,-62500,1.77,345400,835400
2026-10-07,4967,小林製薬,60500,1200,54500,1800,0.90,102600,98000
2026-10-07,4980,デクセリアルズ,30200,-1200,1090700,33200,36.12,65200,1838300
2026-10-07,5016,ＪＸ金属,680300,-94900,14743600,-102400,21.67,794700,22120800
2026-10-07,5019,出光興産,213500,-10000,570300,-34000,2.67,290100,813100
2026-10-07,5020,ＥＮＥＯＳホールディングス,92900,-3800,1240500,-25000,13.35,158700,2145400
2026-10-07,5021,コスモエネルギーホールディングス,6800,-200,73400,300,10.79,39200,156600
2026-10-07,5108,ブリヂストン,112900,-3200,484100,-19000,4.29,487600,664900
2026-10-07,5201,ＡＧＣ,10700,-800,555600,-9800,51.93,17800,903900
2026-10-07,5253,カバー,1167500,28400,1687100,-29400,1.45,1167500,2802200
2026-10-07,5332,ＴＯＴＯ,44100,700,481600,-2900,10.92,64400,731700
2026-10-07,5334,日本特殊陶業,24500,1900,679300,-21100,27.73,89800,1227100
2026-10-07,5344,ＭＡＲＵＷＡ,5000,-1400,38500,1800,7.70,6100,57900
2026-10-07,5401,日本製鉄,1370600,-94300,20945200,536000,15.28,1646700,40735300
2026-10-07,5406,神戸製鋼所,45800,-10700,907900,8300,19.82,223500,1669600
2026-10-07,5631,日本製鋼所,22900,-3200,514800,-600,22.48,37400,1054500
2026-10-07,5706,三井金属,779500,-6100,7566800,65900,9.71,1163500,14505100
2026-10-07,5711,三菱マテリアル,19700,-1300,1236200,8800,62.75,31400,2333300
2026-10-07,5713,住友金属鉱山,112100,-8600,1153300,54800,10.29,152700,1750500
2026-10-07,5726,大阪チタニウムテクノロジーズ,812300,-2700,813200,-3500,1.00,813000,1444500
2026-10-07,5801,古河電気工業,910900,-65900,9546400,56200,10.48,1431700,15943400
2026-10-07,5802,住友電気工業,249300,-27600,6127600,-27800,24.58,420100,10035100
2026-10-07,5803,フジクラ,1730000,-333500,12744600,499000,7.37,2319500,19830500
2026-10-07,5857,ＡＲＥホールディングス,8400,-1400,258700,7000,30.80,13100,647700
2026-10-07,5938,ＬＩＸＩＬ,359700,100,607800,-28000,1.69,429000,1833900
2026-10-07,6098,リクルートホールディングス,258000,-12300,302700,4200,1.17,368000,503100
2026-10-07,6134,ＦＵＪＩ,19800,1000,260500,2300,13.16,23000,568400
2026-10-07,6146,ディスコ,83700,-29500,715000,200100,8.54,124000,1038400
2026-10-07,6178,日本郵政,57800,-4200,337400,39700,5.84,115000,561900
2026-10-07,6254,野村マイクロ・サイエンス,333700,4100,1020400,9200,3.06,336200,2092000
2026-10-07,6258,平田機工,51100,-1000,116100,8600,2.27,82900,791400
2026-10-07,6269,三井海洋開発,27700,-700,793400,-7400,28.64,41500,1550700
2026-10-07,6273,ＳＭＣ,5700,-1900,30600,700,5.37,7800,52400
2026-10-07,6278,ユニオンツール,13600,-1200,101300,3800,7.45,17600,162100
2026-10-07,6301,小松製作所,129300,7600,197100,-4900,1.52,236500,741900
2026-10-07,6315,ＴＯＷＡ,192900,7600,2497000,-93800,12.94,201300,4526000
2026-10-07,6323,ローツェ,107400,1300,875400,2700,8.15,145500,3571700
2026-10-07,6324,ハーモニック・ドライブ・システムズ,147500,2700,574900,-12500,3.90,728900,842200
2026-10-07,6361,荏原製作所,15400,1100,1062300,-12800,68.98,59400,1418900
2026-10-07,6367,ダイキン工業,17400,5500,335600,-4300,19.29,27300,566400
2026-10-07,6383,ダイフク,18300,-500,492800,2700,26.93,30600,735200
2026-10-07,6460,セガサミーホールディングス,73300,1700,80600,1500,1.10,98200,148000
2026-10-07,6501,日立製作所,315000,6800,1575100,-13200,5.00,455700,3069300
2026-10-07,6503,三菱電機,28800,1100,1891800,76300,65.69,90000,3538400
2026-10-07,6504,富士電機,18000,0,154000,-7400,8.56,22500,402100
2026-10-07,6508,明電舎,13900,900,70400,-2100,5.06,20200,170800
2026-10-07,6525,ＫＯＫＵＳＡＩ　ＥＬＥＣＴＲＩＣ,471200,-101700,1289400,140400,2.74,512300,2109900
2026-10-07,6526,ソシオネクスト,367000,-3400,2474800,21600,6.74,1056300,5397800
2026-10-07,6588,東芝テック,2200,-600,61100,-500,27.77,26100,137000
2026-10-07,6590,芝浦メカトロニクス,38800,-2900,797200,-7900,20.55,61800,1135900
2026-10-07,6594,ニデック,612000,-28700,4630500,230100,7.57,642500,6737000
2026-10-07,6613,ＱＤレーザ,0,0,2050400,82500,,15300,3609400
2026-10-07,6617,東光高岳,8800,800,83900,-3600,9.53,10100,153700
2026-10-07,6645,オムロン,20400,-100,292200,33100,14.32,29700,439300
2026-10-07,6701,日本電気,200400,9800,1993400,-278700,9.95,259500,4117000
2026-10-07,6702,富士通,128400,21900,1182800,-35300,9.21,178500,2312500
2026-10-07,6723,ルネサスエレクトロニクス,624900,-41000,1825000,79200,2.92,744900,2960300
2026-10-07,6724,セイコーエプソン,122000,-1100,55600,1900,0.46,141700,94200
2026-10-07,6753,シャープ,250700,-4200,1268200,1400,5.06,2846800,3178800
2026-10-07,6758,ソニーグループ,227000,-9800,3442300,153200,15.16,246900,6143700
2026-10-07,6762,ＴＤＫ,584900,-291200,3046400,266100,5.21,740300,5327500
2026-10-07,6779,日本電波工業,0,0,651300,13200,,13300,1118500
2026-10-07,6787,メイコー,28100,-17500,247000,14600,8.79,34000,448200
2026-10-07,6807,日本航空電子工業,21800,3600,17200,1100,0.79,55900,38300
2026-10-07,6845,アズビル,40600,4700,102400,1000,2.52,111600,149900
2026-10-07,6857,アドバンテスト,967500,-125300,1400000,231600,1.45,2230200,2081000
2026-10-07,6861,キーエンス,46000,-200,89900,-4100,1.95,55900,125300
2026-10-07,6871,日本マイクロニクス,108900,29200,344100,-25600,3.16,132100,528600
2026-10-07,6890,フェローテック,90500,6100,611600,14600,6.76,91800,1889200
2026-10-07,6914,オプテックスグループ,900,-200,101600,-4900,112.89,900,156000
2026-10-07,6920,レーザーテック,531200,14600,748100,-48800,1.41,684300,1124300
2026-10-07,6941,山一電機,34400,-900,147300,400,4.28,47500,307000
2026-10-07,6954,ファナック,199900,-7800,3330400,99900,16.66,221700,5031400
2026-10-07,6963,ローム,114700,1400,475800,-14700,4.15,167600,823800
2026-10-07,6965,浜松ホトニクス,88300,-1600,1723400,97600,19.52,101300,2792700
2026-10-07,6966,三井ハイテック,267300,-31800,2005500,-9400,7.50,275100,6252800
2026-10-07,6971,京セラ,63500,-1000,357000,5500,5.62,103700,514000
2026-10-07,6976,太陽誘電,1106300,10200,2563400,-129500,2.32,1307200,3575400
2026-10-07,6981,村田製作所,893300,-96800,4478700,270300,5.01,1013800,6362200
2026-10-07,7011,三菱重工業,500000,-16600,11736800,-882100,23.47,780700,19850500
2026-10-07,7012,川崎重工業,509400,4900,9835000,325600,19.31,688600,20241900
2026-10-07,7013,ＩＨＩ,118200,-32300,6793900,15100,57.48,306700,13929200
2026-10-07,7148,ＦＰＧ,562700,-100,447900,9400,0.80,635900,1725700
2026-10-07,7201,日産自動車,1083500,-12900,43624400,108200,40.26,1172900,76187100
2026-10-07,7202,いすゞ自動車,18000,-1100,607100,-37900,33.73,21400,1126000
2026-10-07,7203,トヨタ自動車,1500400,-97800,10408400,210300,6.94,1633800,18766600
2026-10-07,7261,マツダ,218900,-11000,4028100,117500,18.40,524200,5950200
2026-10-07,7267,本田技研工業,1578500,-38900,1393500,7300,0.88,1635400,3673000
2026-10-07,7269,スズキ,78400,34000,1160800,-50200,14.81,163300,3363700
2026-10-07,7270,ＳＵＢＡＲＵ,26200,-22200,745100,-24400,28.44,127900,1601600
2026-10-07,7272,ヤマハ発動機,317300,-18000,551100,-50300,1.74,349500,1124200
2026-10-07,7366,ＬＩＴＡＬＩＣＯ,41500,700,42100,100,1.01,49000,63100
2026-10-07,7421,カッパ・クリエイト,302900,1200,39600,500,0.13,601100,52000
2026-10-07,7433,伯東,35000,-2700,165200,-900,4.72,51800,294900
2026-10-07,7453,良品計画,446200,-1800,504600,-26900,1.13,534100,786000
2026-10-07,7550,ゼンショーホールディングス,188300,14300,111800,-1100,0.59,237600,137000
2026-10-07,7564,ワークマン,18900,3600,703500,15200,37.22,66300,1023300
2026-10-07,7581,サイゼリヤ,27600,-3100,241100,17500,8.74,33000,796700
2026-10-07,7630,壱番屋,27600,-300,359200,-9700,13.01,79000,1130800
2026-10-07,7733,オリンパス,57600,-1500,257200,1000,4.47,175300,582600
2026-10-07,7735,ＳＣＲＥＥＮホールディングス,157900,-12300,566200,17900,3.59,206100,910900
2026-10-07,7741,ＨＯＹＡ,13900,-2200,140700,-1000,10.12,19200,208300
2026-10-07,7751,キヤノン,101200,7200,348700,6400,3.45,182500,1206600
2026-10-07,7762,シチズン時計,57900,26200,155000,-6200,2.68,100900,299400
2026-10-07,7832,バンダイナムコホールディングス,75900,19900,155000,-4900,2.04,101900,280400
2026-10-07,7936,アシックス,179800,12900,2031200,-226500,11.30,417300,2956500
2026-10-07,7956,ピジョン,25500,1800,49300,1200,1.93,78300,257600
2026-10-07,7974,任天堂,579900,-16300,5118800,67600,8.83,681200,9717800
2026-10-07,8001,伊藤忠商事,932700,-12200,10675000,54800,11.45,1263900,13228500
2026-10-07,8002,丸紅,127500,3000,1913300,-28600,15.01,159200,3313900
2026-10-07,8015,豊田通商,19000,-300,117300,-3400,6.17,45900,524800
2026-10-07,8031,三井物産,56900,-23600,3224800,38200,56.67,106200,5030000
2026-10-07,8035,東京エレクトロン,512000,-49000,5150900,206000,10.06,689500,10902700
2026-10-07,8058,三菱商事,739400,-2900,4073600,77500,5.51,825500,6672200
2026-10-07,8088,岩谷産業,18500,900,575400,4200,31.10,27900,1739600
2026-10-07,8136,サンリオ,1557600,-83100,9200200,-257300,5.91,1633100,17009200
2026-10-07,8218,コメリ,1900,-400,9500,200,5.00,16800,12900
2026-10-07,8227,しまむら,7900,-500,128600,-2800,16.28,36200,272000
2026-10-07,8233,高島屋,299900,7900,694300,11200,2.32,367700,940300
2026-10-07,8267,イオン,1165500,-23300,7032600,13000,6.03,1373800,10400200
2026-10-07,8306,三菱ＵＦＪフィナンシャル・グループ,1636400,-228500,19849100,496200,12.13,1996800,34799900
2026-10-07,8308,りそなホールディングス,290400,-164600,1793300,664300,6.18,487800,2581900
2026-10-07,8309,三井住友トラストグループ,91600,-13400,1758500,63300,19.20,96700,5347800
2026-10-07,8316,三井住友フィナンシャルグループ,932100,-55200,12584800,-313300,13.50,1162200,25906800
2026-10-07,8411,みずほフィナンシャルグループ,717000,-179000,2698700,438300,3.76,831200,6831900
2026-10-07,8473,ＳＢＩホールディングス,34700,-1000,2975000,94000,85.73,51700,6264700
2026-10-07,8511,日本証券金融,16100,3000,187300,25100,11.63,61800,467100
2026-10-07,8591,オリックス,55500,-200,1066300,-21500,19.21,72500,1933900
2026-10-07,8601,大和証券グループ本社,101000,1000,831800,40800,8.24,120300,2744800
2026-10-07,8630,ＳＯＭＰＯホールディングス,15900,-700,310400,7600,19.52,32000,565800
2026-10-07,8697,日本取引所グループ,337200,5900,187200,-7300,0.56,455300,373300
2026-10-07,8750,第一ライフグループ,80200,-49600,1247800,-21700,15.56,179900,2393200
2026-10-07,8766,東京海上ホールディングス,1430200,-177700,19537000,-240500,13.66,2052100,46060900
2026-10-07,8795,Ｔ＆Ｄホールディングス,48800,-2100,92900,-2400,1.90,106600,261500
2026-10-07,8801,三井不動産,1199600,3600,1703600,53400,1.42,1228700,3656000
2026-10-07,8802,三菱地所,428100,1400,631300,-8500,1.47,451100,1056500
2026-10-07,8830,住友不動産,315600,1300,558700,-21300,1.77,375100,1589700
2026-10-07,8876,リログループ,21000,1200,15700,100,0.75,21900,48900
2026-10-07,9005,東急,34400,1600,775200,3700,22.53,66100,1765100
2026-10-07,9020,東日本旅客鉄道,34300,-2200,647500,-12500,18.88,62800,1086900
2026-10-07,9101,日本郵船,457400,-32800,968600,9000,2.12,553500,1322100
2026-10-07,9104,商船三井,285200,-8700,817400,61800,2.87,334500,1247100
2026-10-07,9107,川崎汽船,440300,-19000,1002600,41500,2.28,752000,1835500
2026-10-07,9364,上組,3200,200,38500,1100,12.03,3500,83200
2026-10-07,9432,ＮＴＴ,14277100,1359000,42832100,-372800,3.00,16905100,90697100
2026-10-07,9433,ＫＤＤＩ,735600,-800,748100,-106500,1.02,797700,1189100
2026-10-07,9434,ソフトバンク,9059200,6519100,7827700,-75800,0.86,9937800,24504700
2026-10-07,9468,ＫＡＤＯＫＡＷＡ,20900,-800,62200,32900,2.98,213000,98500
2026-10-07,9501,東京電力ホールディングス,1088600,-26500,57837800,344100,53.13,1286800,81527800
2026-10-07,9502,中部電力,177500,5700,466600,-13400,2.63,214700,836400
2026-10-07,9503,関西電力,120100,-8600,725700,56000,6.04,185800,1248100
2026-10-07,9504,中国電力,79700,-4200,546800,-19700,6.86,103500,2457800
2026-10-07,9505,北陸電力,47200,3600,356700,-7600,7.56,68900,1227800
2026-10-07,9506,東北電力,57100,-6100,3171000,-7000,55.53,79300,4368800
2026-10-07,9513,電源開発,24200,-4400,327200,-10400,13.52,30900,859300
2026-10-07,9531,東京瓦斯,4500,-700,91900,3800,20.42,14400,150800
2026-10-07,9602,東宝,125500,24700,483300,4100,3.85,149200,914600
2026-10-07,9603,エイチ・アイ・エス,63700,-6100,507800,10100,7.97,173600,1429100
2026-10-07,9605,東映,12200,100,4000,600,0.33,20000,5600
2026-10-07,9684,スクウェア・エニックス・ホールディングス,67300,1800,217200,23600,3.23,143800,343700
2026-10-07,9697,カプコン,168900,-11900,370500,10800,2.19,457400,547400
2026-10-07,9735,セコム,8900,-500,42700,600,4.80,12700,56200
2026-10-07,9766,コナミグループ,90000,2400,26700,-600,0.30,100000,45000
2026-10-07,9843,ニトリホールディングス,330200,-600,536200,-6000,1.62,359200,981100
2026-10-07,9960,東テク,17000,3200,24400,-400,1.44,22100,39600
2026-10-07,9983,ファーストリテイリング,134700,-4500,281100,14800,2.09,172100,391100
2026-10-07,9984,ソフトバンクグループ,3356400,79300,20612700,-807200,6.14,4351200,31082000
2026-10-08,1326,ＳＰＤＲゴールド・シェア,67,0,3909,218,58.34,67,7592
2026-10-08,1357,ＮＥＸＴ　ＦＵＮＤＳ　日経平均ダブルインバース・インデックス連動型上場投信,1342726,55701,2659663,-175702,1.98,1342726,5110018
2026-10-08,1377,サカタのタネ,21600,-800,44200,-3800,2.05,33300,63100
2026-10-08,1419,タマホーム,173100,0,109000,-2400,0.63,674600,200300
2026-10-08,1540,純金上場信託（現物国内保管型）,17314,2632,442295,-9613,25.55,17314,1103697
2026-10-08,1570,ＮＥＸＴ　ＦＵＮＤＳ　日経平均レバレッジ・インデックス連動型上場投信,295059,-58550,822805,56245,2.79,295857,1285628
2026-10-08,1605,ＩＮＰＥＸ,61500,-6000,1876500,75400,30.51,142700,3324600
2026-10-08,1662,石油資源開発,8100,-3200,403900,-9900,49.86,25100,1040900
2026-10-08,1719,安藤・間,31500,7400,360800,21600,11.45,55600,656700
2026-10-08,1801,大成建設,21100,-600,385100,16800,18.25,31500,488600
2026-10-08,1802,大林組,32800,-4700,566000,57600,17.26,75000,893800
2026-10-08,1803,清水建設,37100,-4800,2634100,59300,71.00,63900,3238800
2026-10-08,1812,鹿島建設,21700,-1800,861200,26900,39.69,35500,1279600
2026-10-08,1820,西松建設,1800,-500,108000,14600,60.00,5700,236700
2026-10-08,1833,奥村組,3100,500,116600,5400,37.61,22500,229300
2026-10-08,1835,東鉄工業,6500,800,41900,200,6.45,8300,107300
2026-10-08,1878,大東建託,22800,100,296400,14200,13.00,70400,726000
2026-10-08,1888,若築建設,2600,-200,17000,-100,6.54,2600,57700
2026-10-08,1911,住友林業,88400,-8300,2148000,57800,24.30,116100,4712200
2026-10-08,1925,大和ハウス工業,152900,-61200,754200,122900,4.93,620400,1295400
2026-10-08,1928,積水ハウス,505100,-12400,378400,2300,0.75,514000,888500
2026-10-08,2168,パソナグループ,32300,2000,99400,-3000,3.08,53000,423500
2026-10-08,2198,アイ・ケイ・ケイホールディングス,29500,400,23200,200,0.79,29500,45600
2026-10-08,2267,ヤクルト本社,20800,-4100,159600,-4900,7.67,55700,439200
2026-10-08,2379,ディップ,58700,-9900,86000,-1400,1.47,92500,227500
2026-10-08,2413,エムスリー,153800,6700,910300,-16900,5.92,948200,2836900
2026-10-08,2432,ディー・エヌ・エー,17800,-500,464700,11100,26.11,32200,1804700
2026-10-08,2501,サッポロビール,176000,1400,163000,-4500,0.93,353700,288800
2026-10-08,2502,アサヒグループホールディングス,131800,35900,1859600,44000,14.11,147000,3689200
2026-10-08,2503,キリンホールディングス,54700,1100,211900,-17900,3.87,129800,537300
2026-10-08,256A,飛島ホールディングス,13900,400,258300,-13500,18.58,13900,833500
2026-10-08,2585,ライフドリンク　カンパニー,15200,-12800,342300,7900,22.52,16200,1065400
2026-10-08,2587,サントリービバレッジ＆フード,7000,-6000,36500,-19700,5.21,12900,66500
2026-10-08,2593,伊藤園,46400,600,53200,-100,1.15,78200,236500
2026-10-08,2644,グローバルＸ　半導体関連－日本株式　ＥＴＦ,49940,-698,500325,-10680,10.02,49940,991483
2026-10-08,2767,円谷フィールズホールディングス,0,0,184500,-100,,25400,386600
2026-10-08,2768,双日,21200,-300,921400,43200,43.46,35400,2881700
2026-10-08,2802,味の素,52600,2600,853700,-25700,16.23,94200,1176700
2026-10-08,285A,キオクシアホールディングス,1283900,-95700,28472200,-707300,22.18,1822400,43509700
2026-10-08,2914,日本たばこ産業,143400,-6100,1093000,-900,7.62,211100,2063800
2026-10-08,3038,神戸物産,248500,16600,726000,5100,2.92,3385500,1239500
2026-10-08,3048,ビックカメラ,17100,-47000,122400,9900,7.16,60800,161300
2026-10-08,3088,マツキヨココカラ＆カンパニー,10500,0,93200,-700,8.88,30900,189300
2026-10-08,3092,ＺＯＺＯ,97100,4700,252900,-12300,2.60,289600,501700
2026-10-08,3099,三越伊勢丹ホールディングス,505400,6300,719400,-29000,1.42,565100,1246600
2026-10-08,3110,日東紡績,1502300,-52400,3597600,-13700,2.39,1522900,5409100
2026-10-08,3289,東急不動産ホールディングス,63600,-600,638400,6000,10.04,81900,1306400
2026-10-08,3436,ＳＵＭＣＯ,733700,-160500,2325400,98700,3.17,846100,3265500
2026-10-08,3445,ＲＳ　Ｔｅｃｈｎｏｌｏｇｉｅｓ,3500,1800,88300,3500,25.23,8800,373600
2026-10-08,3465,ケイアイスター不動産,34900,1000,116500,2800,3.34,50100,354300
2026-10-08,3498,霞ヶ関キャピタル,194800,-7100,369400,5300,1.90,194800,1190600
2026-10-08,3563,ＦＯＯＤ　＆　ＬＩＦＥ　ＣＯＭＰＡＮＩＥＳ,218000,-35400,743300,12300,3.41,247000,993800
2026-10-08,3635,コーエーテクモホールディングス,11000,-3300,265200,11000,24.11,33900,885200
2026-10-08,3663,セルシス,55800,-6000,196800,5800,3.53,78600,893800
2026-10-08,3687,フィックスターズ,871000,-3300,1369100,36700,1.57,871200,2057700
2026-10-08,3697,ＳＨＩＦＴ,1800200,17500,3024200,-44500,1.68,1807500,8719100
2026-10-08,3778,さくらインターネット,340900,-149700,622100,12700,1.82,461500,1296800
2026-10-08,4041,日本曹達,1200,100,58500,1200,48.75,11000,91200
2026-10-08,4042,東ソー,28300,-700,273300,-1400,9.66,101700,1036400
2026-10-08,4043,トクヤマ,4400,-500,293300,2800,66.66,17900,1420900
2026-10-08,4062,イビデン,1238800,-49600,2261600,43200,1.83,1345000,3399400
2026-10-08,4063,信越化学工業,164600,400,2194300,-19600,13.33,207800,3474400
2026-10-08,4183,三井化学,33700,-13000,357800,22800,10.62,45200,664200
2026-10-08,4188,三菱ケミカルグループ,59300,400,939100,21100,15.84,85600,1435700
2026-10-08,4307,野村総合研究所,42600,18100,317800,-38500,7.46,62000,624600
2026-10-08,4318,クイック,12100,1300,20600,0,1.70,37100,78900
2026-10-08,4385,メルカリ,84700,19500,996800,-27100,11.77,144700,1615600
2026-10-08,4443,Ｓａｎｓａｎ,90400,-300,183600,2700,2.03,136200,592600
2026-10-08,4452,花王,136500,1100,190400,6700,1.39,145700,338400
2026-10-08,4475,ＨＥＮＮＧＥ,816700,-12700,887200,-20500,1.09,846200,1746100
2026-10-08,4502,武田薬品工業,556600,8500,306100,-17900,0.55,578200,582800
2026-10-08,4503,アステラス製薬,64400,15500,365100,-19000,5.67,419500,865600
2026-10-08,4507,塩野義製薬,14700,-135500,526100,-18900,35.79,51200,804900
2026-10-08,4519,中外製薬,18400,3300,1408100,-18300,76.53,42100,2069600
2026-10-08,4543,テルモ,65200,-300,389000,-7100,5.97,113100,688700
2026-10-08,4559,ゼリア新薬工業,27700,400,135400,-500,4.89,29000,172400
2026-10-08,4568,第一三共,77500,3700,2322900,191500,29.97,83700,5022500
2026-10-08,4578,大塚ホールディングス,5100,700,73600,-500,14.43,10000,97100
2026-10-08,4613,関西ペイント,29500,-300,74000,2300,2.51,102800,114200
2026-10-08,4661,オリエンタルランド,1856600,-3500,1039400,25600,0.56,2349300,2498700
2026-10-08,4665,ダスキン,24000,-2100,13600,-100,0.57,36800,23800
2026-10-08,4684,オービック,0,0,74500,-1300,,32600,132800
2026-10-08,4686,ジャストシステム,19800,-1000,127300,0,6.43,30300,250600
2026-10-08,4704,トレンドマイクロ,51200,9900,373900,139500,7.30,69700,647500
2026-10-08,4755,楽天グループ,1243900,-161000,18261700,-2150600,14.68,1604000,40982400
2026-10-08,4776,サイボウズ,242100,-700,159000,4500,0.66,267100,693000
2026-10-08,4816,東映アニメーション,18700,-1300,185700,11500,9.93,20000,278600
2026-10-08,4887,サワイグループホールディングス,32100,-300,275900,-1300,8.60,84400,391800
2026-10-08,4901,富士フイルムホールディングス,19700,-149000,1126600,-2500,57.19,30500,2137300
2026-10-08,4902,コニカミノルタ,140000,-2900,460000,-61100,3.29,229300,1111000
2026-10-08,4911,資生堂,288900,-4300,507100,-12800,1.76,341400,826700
2026-10-08,4967,小林製薬,61300,800,51200,-3300,0.84,103800,94100
2026-10-08,4980,デクセリアルズ,30200,0,1040300,-50400,34.45,65300,1749000
2026-10-08,5016,ＪＸ金属,581000,-99300,15591300,847700,26.84,663700,23290900
2026-10-08,5019,出光興産,85500,-128000,579300,9000,6.78,162600,785600
2026-10-08,5020,ＥＮＥＯＳホールディングス,78300,-14600,1138600,-101900,14.54,131900,2044900
2026-10-08,5021,コスモエネルギーホールディングス,3300,-3500,70900,-2500,21.48,35300,156400
2026-10-08,5108,ブリヂストン,120600,7700,483500,-600,4.01,495400,659800
2026-10-08,5201,ＡＧＣ,7900,-2800,573000,17400,72.53,14600,926100
2026-10-08,5253,カバー,1140400,-27100,1680900,-6200,1.47,1140400,2784900
2026-10-08,5332,ＴＯＴＯ,43800,-300,481600,0,11.00,64100,733400
2026-10-08,5334,日本特殊陶業,19400,-5100,690100,10800,35.57,85400,1247500
2026-10-08,5344,ＭＡＲＵＷＡ,5000,0,39800,1300,7.96,6100,60200
2026-10-08,5401,日本製鉄,1402400,31800,21218900,273700,15.13,1676200,41127000
2026-10-08,5406,神戸製鋼所,46700,900,987800,79900,21.15,224000,1754900
2026-10-08,5631,日本製鋼所,23100,200,613600,98800,26.56,37500,1189400
2026-10-08,5706,三井金属,787600,8100,7353900,-212900,9.34,1155500,14740700
2026-10-08,5711,三菱マテリアル,23400,3700,1324300,88100,56.59,36800,2451100
2026-10-08,5713,住友金属鉱山,75300,-36800,1235000,81700,16.40,113400,1863000
2026-10-08,5726,大阪チタニウムテクノロジーズ,812100,-200,893000,79800,1.10,812800,1543100
2026-10-08,5801,古河電気工業,675300,-235600,9998800,452400,14.81,1140900,16349500
2026-10-08,5802,住友電気工業,222000,-27300,6127600,0,27.60,345300,10040100
2026-10-08,5803,フジクラ,1447100,-282900,12935200,190600,8.94,1991700,19918000
2026-10-08,5857,ＡＲＥホールディングス,6900,-1500,261400,2700,37.88,11600,655400
2026-10-08,5938,ＬＩＸＩＬ,359300,-400,611000,3200,1.70,429200,1852700
2026-10-08,6098,リクルートホールディングス,284200,26200,272000,-30700,0.96,394800,491700
2026-10-08,6134,ＦＵＪＩ,12700,-7100,250700,-9800,19.74,14200,570600
2026-10-08,6146,ディスコ,87900,4200,675700,-39300,7.69,128400,993500
2026-10-08,6178,日本郵政,54100,-3700,347500,10100,6.42,113200,581700
2026-10-08,6254,野村マイクロ・サイエンス,329500,-4200,1007700,-12700,3.06,332000,2079100
2026-10-08,6258,平田機工,49000,-2100,117400,1300,2.40,80800,752600
2026-10-08,6269,三井海洋開発,21000,-6700,869100,75700,41.39,34800,1641100
2026-10-08,6273,ＳＭＣ,4100,-1600,33600,3000,8.20,6500,56400
2026-10-08,6278,ユニオンツール,12200,-1400,98700,-2600,8.09,16300,150000
2026-10-08,6301,小松製作所,74200,-55100,338500,141400,4.56,171500,925600
2026-10-08,6315,ＴＯＷＡ,128300,-64600,2477600,-19400,19.31,136100,4424100
2026-10-08,6323,ローツェ,117500,10100,939500,64100,8.00,159200,3928800
2026-10-08,6324,ハーモニック・ドライブ・システムズ,137100,-10400,605300,30400,4.42,713500,885300
2026-10-08,6361,荏原製作所,28600,13200,1066400,4100,37.29,73000,1437900
2026-10-08,6367,ダイキン工業,12800,-4600,333700,-1900,26.07,22100,565900
2026-10-08,6383,ダイフク,17500,-800,493100,300,28.18,30300,738000
2026-10-08,6460,セガサミーホールディングス,76000,2700,74800,-5800,0.98,100300,139100
2026-10-08,6501,日立製作所,316500,1500,1561400,-13700,4.93,455900,3062000
2026-10-08,6503,三菱電機,27100,-1700,2071600,179800,76.44,86600,3795700
2026-10-08,6504,富士電機,15200,-2800,154600,600,10.17,19900,403900
2026-10-08,6508,明電舎,12900,-1000,72000,1600,5.58,18700,173500
2026-10-08,6525,ＫＯＫＵＳＡＩ　ＥＬＥＣＴＲＩＣ,464900,-6300,1210200,-79200,2.60,501900,1974500
2026-10-08,6526,ソシオネクスト,304100,-62900,2525300,50500,8.30,987100,5479900
2026-10-08,6588,東芝テック,2500,300,64600,3500,25.84,26400,140800
2026-10-08,6590,芝浦メカトロニクス,34500,-4300,776600,-20600,22.51,57400,1109500
2026-10-08,6594,ニデック,568700,-43300,4471000,-159500,7.86,601400,6584000
2026-10-08,6613,ＱＤレーザ,0,0,2178600,128200,,15100,3707700
2026-10-08,6617,東光高岳,8900,100,84100,200,9.45,10400,150600
2026-10-08,6645,オムロン,20200,-200,298100,5900,14.76,28700,442000
2026-10-08,6701,日本電気,226000,25600,1874800,-118600,8.30,287100,3979700
2026-10-08,6702,富士通,122000,-6400,1165000,-17800,9.55,172100,2286600
2026-10-08,6723,ルネサスエレクトロニクス,559100,-65800,1925900,100900,3.44,655400,3067100
2026-10-08,6724,セイコーエプソン,123800,1800,57200,1600,0.46,145600,95000
2026-10-08,6753,シャープ,235900,-14800,1338800,70600,5.68,2831900,3260700
2026-10-08,6758,ソニーグループ,234300,7300,3485400,43100,14.88,256200,6212300
2026-10-08,6762,ＴＤＫ,504300,-80600,3009500,-36900,5.97,624700,5054900
2026-10-08,6779,日本電波工業,0,0,669000,17700,,14400,1123000
2026-10-08,6787,メイコー,22700,-5400,257100,10100,11.33,28100,460400
2026-10-08,6807,日本航空電子工業,19200,-2600,17000,-200,0.89,46100,37700
2026-10-08,6845,アズビル,45100,4500,102100,-300,2.26,117900,151400
2026-10-08,6857,アドバンテスト,931600,-35900,1355900,-44100,1.46,2199300,2050500
2026-10-08,6861,キーエンス,41900,-4100,101700,11800,2.43,50400,139900
2026-10-08,6871,日本マイクロニクス,92400,-16500,353800,9700,3.83,113700,575500
2026-10-08,6890,フェローテック,73300,-17200,537300,-74300,7.33,74500,1794800
2026-10-08,6914,オプテックスグループ,1000,100,108500,6900,108.50,1000,161200
2026-10-08,6920,レーザーテック,555900,24700,752800,4700,1.35,717600,1141300
2026-10-08,6941,山一電機,31100,-3300,142000,-5300,4.57,43700,307200
2026-10-08,6954,ファナック,199200,-700,3373800,43400,16.94,219500,5077600
2026-10-08,6963,ローム,89500,-25200,500900,25100,5.60,137800,849200
2026-10-08,6965,浜松ホトニクス,81500,-6800,1727900,4500,21.20,92500,2793500
2026-10-08,6966,三井ハイテック,216100,-51200,1968900,-36600,9.11,223900,6167000
2026-10-08,6971,京セラ,60100,-3400,344900,-12100,5.74,100900,482800
2026-10-08,6976,太陽誘電,924500,-181800,2787400,224000,3.02,1106400,3918300
2026-10-08,6981,村田製作所,790600,-102700,4917200,438500,6.22,904600,6894500
2026-10-08,7011,三菱重工業,470100,-29900,13077800,1341000,27.82,748300,21948600
2026-10-08,7012,川崎重工業,499600,-9800,10747800,912800,21.51,676800,21493600
2026-10-08,7013,ＩＨＩ,95800,-22400,7673000,879100,80.09,277300,15127600
2026-10-08,7148,ＦＰＧ,553500,-9200,460900,13000,0.83,626200,1741700
2026-10-08,7201,日産自動車,982600,-100900,43554400,-70000,44.33,1070100,76046500
2026-10-08,7202,いすゞ自動車,21200,3200,552900,-54200,26.08,24200,1048300
2026-10-08,7203,トヨタ自動車,1549100,48700,10218400,-190000,6.60,1682400,18552300
2026-10-08,7261,マツダ,213000,-5900,3870300,-157800,18.17,518400,5796900
2026-10-08,7267,本田技研工業,1627700,49200,1342000,-51500,0.82,1805300,3568900
2026-10-08,7269,スズキ,73600,-4800,1165300,4500,15.83,159300,3338500
2026-10-08,7270,ＳＵＢＡＲＵ,41700,15500,684100,-61000,16.41,144700,1533700
2026-10-08,7272,ヤマハ発動機,317800,500,555600,4500,1.75,350700,1127100
2026-10-08,7366,ＬＩＴＡＬＩＣＯ,41600,100,44800,2700,1.08,49100,65400
2026-10-08,7421,カッパ・クリエイト,295200,-7700,40400,800,0.14,593400,52800
2026-10-08,7433,伯東,33500,-1500,170700,5500,5.10,50300,299600
2026-10-08,7453,良品計画,444900,-1300,478700,-25900,1.08,533000,757600
2026-10-08,7550,ゼンショーホールディングス,170500,-17800,122000,10200,0.72,216800,149500
2026-10-08,7564,ワークマン,12200,-6700,718800,15300,58.92,59100,1045800
2026-10-08,7581,サイゼリヤ,26000,-1600,241700,600,9.30,31400,796400
2026-10-08,7630,壱番屋,27400,-200,344200,-15000,12.56,78700,1103300
2026-10-08,7733,オリンパス,57400,-200,251800,-5400,4.39,174200,576700
2026-10-08,7735,ＳＣＲＥＥＮホールディングス,156000,-1900,549200,-17000,3.52,202900,985600
2026-10-08,7741,ＨＯＹＡ,10200,-3700,137700,-3000,13.50,15700,203900
2026-10-08,7751,キヤノン,113400,12200,332600,-16100,2.93,196300,1174200
2026-10-08,7762,シチズン時計,114900,57000,156000,1000,1.36,159500,298200
2026-10-08,7832,バンダイナムコホールディングス,64700,-11200,143400,-11600,2.22,91000,258200
2026-10-08,7936,アシックス,169100,-10700,2001100,-30100,11.83,406400,2905100
2026-10-08,7956,ピジョン,24800,-700,57300,8000,2.31,77500,265500
2026-10-08,7974,任天堂,596700,16800,4959400,-159400,8.31,702600,9509000
2026-10-08,8001,伊藤忠商事,762200,-170500,10565100,-109900,13.86,1063300,13122200
2026-10-08,8002,丸紅,163200,35700,1986500,73200,12.17,191600,3460900
2026-10-08,8015,豊田通商,16500,-2500,132900,15600,8.05,44500,543300
2026-10-08,8031,三井物産,58700,1800,3403000,178200,57.97,109100,5325200
2026-10-08,8035,東京エレクトロン,507300,-4700,5286600,135700,10.42,682400,11056000
2026-10-08,8058,三菱商事,742500,3100,4429600,356000,5.97,824500,7120800
2026-10-08,8088,岩谷産業,25900,7400,606300,30900,23.41,35000,1794300
2026-10-08,8136,サンリオ,1370200,-187400,9319200,119000,6.80,1442400,17111800
2026-10-08,8218,コメリ,2000,100,9400,-100,4.70,16900,12800
2026-10-08,8227,しまむら,8400,500,129600,1000,15.43,36800,271700
2026-10-08,8233,高島屋,287100,-12800,687100,-7200,2.39,355000,934800
2026-10-08,8267,イオン,1172700,7200,7089000,56400,6.05,1384500,10550900
2026-10-08,8306,三菱ＵＦＪフィナンシャル・グループ,1495900,-140500,23695000,3845900,15.84,1813300,40084000
2026-10-08,8308,りそなホールディングス,1097800,807400,2132800,339500,1.94,1702500,3176200
2026-10-08,8309,三井住友トラストグループ,97500,5900,1881900,123400,19.30,103600,5514100
2026-10-08,8316,三井住友フィナンシャルグループ,885000,-47100,13305500,720700,15.03,1115400,27024100
2026-10-08,8411,みずほフィナンシャルグループ,652500,-64500,3449400,750700,5.29,754800,7914700
2026-10-08,8473,ＳＢＩホールディングス,29200,-5500,3263600,288600,111.77,46700,6621600
2026-10-08,8511,日本証券金融,17200,1100,201400,14100,11.71,63400,594100
2026-10-08,8591,オリックス,69400,13900,1137800,71500,16.39,88100,2019100
2026-10-08,8601,大和証券グループ本社,91500,-9500,855100,23300,9.35,109000,2773000
2026-10-08,8630,ＳＯＭＰＯホールディングス,17600,1700,318600,8200,18.10,33700,577800
2026-10-08,8697,日本取引所グループ,329700,-7500,186600,-600,0.57,450300,383200
2026-10-08,8750,第一ライフグループ,66500,-13700,1290000,42200,19.40,166100,2502900
2026-10-08,8766,東京海上ホールディングス,1266000,-164200,19091300,-445700,15.08,1882100,45541800
2026-10-08,8795,Ｔ＆Ｄホールディングス,43400,-5400,98700,5800,2.27,101300,278100
2026-10-08,8801,三井不動産,1198100,-1500,1608200,-95400,1.34,1228100,3526100
2026-10-08,8802,三菱地所,424200,-3900,635200,3900,1.50,448000,1097600
2026-10-08,8830,住友不動産,313500,-2100,567000,8300,1.81,369700,1614200
2026-10-08,8876,リログループ,23600,2600,16500,800,0.70,24500,51400
2026-10-08,9005,東急,27900,-6500,849300,74100,30.44,66200,1860900
2026-10-08,9020,東日本旅客鉄道,32800,-1500,646100,-1400,19.70,60900,1080700
2026-10-08,9101,日本郵船,471600,14200,900500,-68100,1.91,592800,1235200
2026-10-08,9104,商船三井,301300,16100,758000,-59400,2.52,354900,1180400
2026-10-08,9107,川崎汽船,469200,28900,938900,-63700,2.00,784600,1769900
2026-10-08,9364,上組,4200,1000,40200,1700,9.57,4500,84600
2026-10-08,9432,ＮＴＴ,13845800,-431300,43245900,413800,3.12,16679600,89886200
2026-10-08,9433,ＫＤＤＩ,733200,-2400,711900,-36200,0.97,794800,1128700
2026-10-08,9434,ソフトバンク,2460200,-6599000,6974600,-853100,2.83,3259600,23637400
2026-10-08,9468,ＫＡＤＯＫＡＷＡ,23600,2700,29600,-32600,1.25,215600,66000
2026-10-08,9501,東京電力ホールディングス,1132300,43700,57219500,-618300,50.53,1368000,80819000
2026-10-08,9502,中部電力,168000,-9500,518800,52200,3.09,205000,882900
2026-10-08,9503,関西電力,118700,-1400,726800,1100,6.12,180800,1238700
2026-10-08,9504,中国電力,85500,5800,527900,-18900,6.17,109300,2488300
2026-10-08,9505,北陸電力,36200,-11000,369900,13200,10.22,60100,1272800
2026-10-08,9506,東北電力,48900,-8200,3143300,-27700,64.28,65900,4348600
2026-10-08,9513,電源開発,23800,-400,336700,9500,14.15,30500,885700
2026-10-08,9531,東京瓦斯,7600,3100,120000,28100,15.79,17900,185800
2026-10-08,9602,東宝,118300,-7200,476300,-7000,4.03,139400,905300
2026-10-08,9603,エイチ・アイ・エス,64800,1100,497300,-10500,7.67,198100,1415200
2026-10-08,9605,東映,11600,-600,4700,700,0.41,19700,6300
2026-10-08,9684,スクウェア・エニックス・ホールディングス,67300,0,206200,-11000,3.06,144300,323700
2026-10-08,9697,カプコン,162100,-6800,389000,18500,2.40,452700,565600
2026-10-08,9735,セコム,9200,300,43800,1100,4.76,13400,57000
2026-10-08,9766,コナミグループ,88800,-1200,26200,-500,0.30,99000,43500
2026-10-08,9843,ニトリホールディングス,322000,-8200,534300,-1900,1.66,349100,984400
2026-10-08,9960,東テク,17200,200,25000,600,1.45,22200,40300
2026-10-08,9983,ファーストリテイリング,136000,1300,290200,9100,2.13,174100,403200
2026-10-08,9984,ソフトバンクグループ,3071700,-284700,22782000,2169300,7.42,3973700,34050800
